filepath,label,label_idx
/kaggle/input/datasets/julianmedinamonje45/coffevision-leaf-cls/Sanas/C6P3H1_jpg.rf.786dbba73baf776f8d7f78b6ddcbeead.jpg,Sanas,0
/kaggle/input/datasets/julianmedinamonje45/coffevision-leaf-cls/Sanas/C4P15H1_jpg.rf.5b42e6c7441ac50ec9ad1df653f1b2b2.jpg,Sanas,0
/kaggle/input/datasets/julianmedinamonje45/coffevision-leaf-cls/Enfermedad-Roya/C5P30H1_jpg.rf.ae907021ada4309b2889fe100bbb46b8.jpg,Enfermedad-Roya,1
/kaggle/input/datasets/julianmedinamonje45/coffevision-leaf-cls/Enfermedad-Roya/1477_jpg.rf.b7588b70202cc85922200b13b2f62523.jpg,Enfermedad-Roya,1
/kaggle/input/datasets/julianmedinamonje45/coffevision-leaf-cls/Sanas/1221_jpg.rf.9a0f338ac22e04066103aa8099189d5b.jpg,Sanas,0
/kaggle/input/datasets/julianmedinamonje45/coffevision-leaf-cls/Sanas/764_jpg.rf.dc0aae3e79c4408a236b41f5776272f6.jpg,Sanas,0
/kaggle/input/datasets/julianmedinamonje45/coffevision-leaf-cls/Sanas/C5P4H1_jpg.rf.277a5c928b67dc74527512db9f3f7d29.jpg,Sanas,0
/kaggle/input/datasets/julianmedinamonje45/coffevision-leaf-cls/Sanas/C3P28E1_jpg.rf.c316adc7939432924fbc3526018ec946.jpg,Sanas,0
/kaggle/input/datasets/julianmedinamonje45/coffevision-leaf-cls/Sanas/C2P39H1_jpg.rf.085193c75d5086607650c93a51b0f771.jpg,Sanas,0
/kaggle/input/datasets/julianmedinamonje45/coffevision-leaf-cls/Enfermedad-Roya/C1P19E2_jpg.rf.65a51f43dc7e6c2f998181882fffb27f.jpg,Enfermedad-Roya,1
/kaggle/input/datasets/julianmedinamonje45/coffevision-leaf-cls/Sanas/695_jpg.rf.3595c668b72bec6fe5e4ba75b74d4260.jpg,Sanas,0
/kaggle/input/datasets/julianmedinamonje45/coffevision-leaf-cls/Enfermedad-Roya/C4P24H2_jpg.rf.ba2501343c19cb7bd42b73e4b84b6d0f.jpg,Enfermedad-Roya,1
/kaggle/input/datasets/julianmedinamonje45/coffevision-leaf-cls/Sanas/1423_jpg.rf.c9fc1493c8b60a815c1cfdfea2aa9b26.jpg,Sanas,0
/kaggle/input/datasets/julianmedinamonje45/coffevision-leaf-cls/Enfermedad-Roya/C1P30E2_jpg.rf.b71c6b01c438d92f8da478e558c686e5.jpg,Enfermedad-Roya,1
/kaggle/input/datasets/julianmedinamonje45/coffevision-leaf-cls/Enfermedad-Roya/1579_jpg.rf.6217b990357170c8ee3af0d4556d1f18.jpg,Enfermedad-Roya,1
/kaggle/input/datasets/julianmedinamonje45/coffevision-leaf-cls/Sanas/1124_jpg.rf.d67996ff8b8086e4b394562d1f587f9b.jpg,Sanas,0
/kaggle/input/datasets/julianmedinamonje45/coffevision-leaf-cls/Enfermedad-Roya/C8P24H2_jpg.rf.1a4fc8d20b8d929c60259bad5234784b.jpg,Enfermedad-Roya,1
/kaggle/input/datasets/julianmedinamonje45/coffevision-leaf-cls/Sanas/193_jpg.rf.70cb9771097ec20ba020f6d5696a5489.jpg,Sanas,0
/kaggle/input/datasets/julianmedinamonje45/coffevision-leaf-cls/Enfermedad-Roya/1487_jpg.rf.18edfe9437c261354e873c799067e479.jpg,Enfermedad-Roya,1
/kaggle/input/datasets/julianmedinamonje45/coffevision-leaf-cls/Sanas/C2P27H1_jpg.rf.4404a5c558f5c7846cd8e63fa71bc216.jpg,Sanas,0
/kaggle/input/datasets/julianmedinamonje45/coffevision-leaf-cls/Enfermedad-Roya/name81_jpg.rf.c4e8c6ecb29914fdfa69daf0bb42a9c7.jpg,Enfermedad-Roya,1
/kaggle/input/datasets/julianmedinamonje45/coffevision-leaf-cls/Sanas/1289_jpg.rf.e904ed8ecc6b13e4ac5fa173ef512fd8.jpg,Sanas,0
/kaggle/input/datasets/julianmedinamonje45/coffevision-leaf-cls/Sanas/C8P31H1_jpg.rf.cbb918bb3bfa9d4856dae4adabd43029.jpg,Sanas,0
/kaggle/input/datasets/julianmedinamonje45/coffevision-leaf-cls/Sanas/188_jpg.rf.0fe532bf75dc882506eb0ca58af5394b.jpg,Sanas,0
/kaggle/input/datasets/julianmedinamonje45/coffevision-leaf-cls/Sanas/C8P31E1_jpg.rf.ed9475f89a5af8ea09fcd60b807020c0.jpg,Sanas,0
/kaggle/input/datasets/julianmedinamonje45/coffevision-leaf-cls/Sanas/C3P39H1_jpg.rf.7036892de51872f4040d020f07dd102a.jpg,Sanas,0
/kaggle/input/datasets/julianmedinamonje45/coffevision-leaf-cls/Enfermedad-Roya/180_jpg.rf.ca6e29a3209a90acdd1a863e925a206b.jpg,Enfermedad-Roya,1
/kaggle/input/datasets/julianmedinamonje45/coffevision-leaf-cls/Enfermedad-Roya/C12P30H2_jpg.rf.5f3ce280554cfde171518ebf44f9d859.jpg,Enfermedad-Roya,1
/kaggle/input/datasets/julianmedinamonje45/coffevision-leaf-cls/Enfermedad-Roya/C8P37E2_jpg.rf.8a50f6c0f1ee781f249644ce348c71d5.jpg,Enfermedad-Roya,1
/kaggle/input/datasets/julianmedinamonje45/coffevision-leaf-cls/Enfermedad-Roya/C2P27H2_jpg.rf.d67c445aeca991e1ea55842c21b92a28.jpg,Enfermedad-Roya,1
/kaggle/input/datasets/julianmedinamonje45/coffevision-leaf-cls/Sanas/C5P37E2_jpg.rf.938c816b33dd42841ff395a8a57aa61c.jpg,Sanas,0
/kaggle/input/datasets/julianmedinamonje45/coffevision-leaf-cls/Enfermedad-Roya/C8P3E1_jpg.rf.3f2b0fb5bc9c208cf4df2fe509341031.jpg,Enfermedad-Roya,1
/kaggle/input/datasets/julianmedinamonje45/coffevision-leaf-cls/Enfermedad-Roya/C1P10E2_jpg.rf.bcddb1d12728fd44080a9e1f98a71056.jpg,Enfermedad-Roya,1
/kaggle/input/datasets/julianmedinamonje45/coffevision-leaf-cls/Enfermedad-Roya/C4P26E2_jpg.rf.7bc540b9b55a1456284a6c81ad771a1d.jpg,Enfermedad-Roya,1
/kaggle/input/datasets/julianmedinamonje45/coffevision-leaf-cls/Enfermedad-Roya/C9P15H1_jpg.rf.c005c48618878e65251c1409587ee08d.jpg,Enfermedad-Roya,1
/kaggle/input/datasets/julianmedinamonje45/coffevision-leaf-cls/Enfermedad-Roya/C4P1H2_jpg.rf.e9f4be25bb2e5b33b0b2c6619891c808.jpg,Enfermedad-Roya,1
/kaggle/input/datasets/julianmedinamonje45/coffevision-leaf-cls/Sanas/1211_jpg.rf.f580c03605f0d97e76a4c4e6dde8cf98.jpg,Sanas,0
/kaggle/input/datasets/julianmedinamonje45/coffevision-leaf-cls/Enfermedad-Roya/C3P9E2_jpg.rf.b0b3cde88872ac906be0bc23e92b1823.jpg,Enfermedad-Roya,1
/kaggle/input/datasets/julianmedinamonje45/coffevision-leaf-cls/Enfermedad-Roya/1577_jpg.rf.f6075df376ef4ccf1100e062775a0ed5.jpg,Enfermedad-Roya,1
/kaggle/input/datasets/julianmedinamonje45/coffevision-leaf-cls/Sanas/C1P2H1_jpg.rf.4b0ea1e65a812756cd5d406e1c425919.jpg,Sanas,0
/kaggle/input/datasets/julianmedinamonje45/coffevision-leaf-cls/Enfermedad-Roya/C9P37E1_jpg.rf.80a0e94446256f64d3f825c1cf26e0fa.jpg,Enfermedad-Roya,1
/kaggle/input/datasets/julianmedinamonje45/coffevision-leaf-cls/Enfermedad-Roya/C3P13E2_jpg.rf.f04fbce181292ca9fa9ddf000a865799.jpg,Enfermedad-Roya,1
/kaggle/input/datasets/julianmedinamonje45/coffevision-leaf-cls/Enfermedad-Roya/1622_jpg.rf.657238bfce16adf59c248ae292b40724.jpg,Enfermedad-Roya,1
/kaggle/input/datasets/julianmedinamonje45/coffevision-leaf-cls/Enfermedad-Roya/1645_jpg.rf.5d203f17b1c72b2adb83f35c93d88b8a.jpg,Enfermedad-Roya,1
/kaggle/input/datasets/julianmedinamonje45/coffevision-leaf-cls/Sanas/692_jpg.rf.6c09705aa5cce53095fad452beb9d2f7.jpg,Sanas,0
/kaggle/input/datasets/julianmedinamonje45/coffevision-leaf-cls/Sanas/C5P10H2_jpg.rf.3b8d9a7deb7af6978ec6b550095dcbd4.jpg,Sanas,0
/kaggle/input/datasets/julianmedinamonje45/coffevision-leaf-cls/Sanas/C7P20E1_jpg.rf.301fdc4ac2071a18a51592217fe2822d.jpg,Sanas,0
/kaggle/input/datasets/julianmedinamonje45/coffevision-leaf-cls/Enfermedad-Roya/name99_jpg.rf.27055106d4dac7349d62b358377ddebf.jpg,Enfermedad-Roya,1
/kaggle/input/datasets/julianmedinamonje45/coffevision-leaf-cls/Sanas/1417_jpg.rf.27c15972f9fb5c5497df97e912102788.jpg,Sanas,0
/kaggle/input/datasets/julianmedinamonje45/coffevision-leaf-cls/Enfermedad-Roya/name241_jpg.rf.574d99b48d820186bc54d75f3797b475.jpg,Enfermedad-Roya,1
/kaggle/input/datasets/julianmedinamonje45/coffevision-leaf-cls/Enfermedad-Roya/C9P29E1_jpg.rf.30da70c32e3b0f69059753c8c640c5aa.jpg,Enfermedad-Roya,1
/kaggle/input/datasets/julianmedinamonje45/coffevision-leaf-cls/Enfermedad-Roya/name72_jpg.rf.1b360b1a8aa9ec03686f1e9cdbb59b15.jpg,Enfermedad-Roya,1
/kaggle/input/datasets/julianmedinamonje45/coffevision-leaf-cls/Sanas/1065_jpg.rf.c442a633db32a7fbfdff4f208110e959.jpg,Sanas,0
/kaggle/input/datasets/julianmedinamonje45/coffevision-leaf-cls/Enfermedad-Roya/name52_jpg.rf.0d8b94bc1d86e16eacf4d4c874d89210.jpg,Enfermedad-Roya,1
/kaggle/input/datasets/julianmedinamonje45/coffevision-leaf-cls/Sanas/C2P23H2_jpg.rf.7dbbd7373c37e1d1d81ee487dce31837.jpg,Sanas,0
/kaggle/input/datasets/julianmedinamonje45/coffevision-leaf-cls/Sanas/C12P9H1_jpg.rf.c06e2dd240fc2d65173fff311d027ede.jpg,Sanas,0
/kaggle/input/datasets/julianmedinamonje45/coffevision-leaf-cls/Enfermedad-Roya/C1P28E2_jpg.rf.e787bda49a27c7ccc130d90b451f1bff.jpg,Enfermedad-Roya,1
/kaggle/input/datasets/julianmedinamonje45/coffevision-leaf-cls/Sanas/13_jpg.rf.41284e819f72b49cd9cc31f791243932.jpg,Sanas,0
/kaggle/input/datasets/julianmedinamonje45/coffevision-leaf-cls/Sanas/C7P9H2_jpg.rf.8e559847844cf6140eec415a7faa12cb.jpg,Sanas,0
/kaggle/input/datasets/julianmedinamonje45/coffevision-leaf-cls/Sanas/C10P13E1_jpg.rf.916f39de8949c24ef9a3c4da0e9a3bae.jpg,Sanas,0
/kaggle/input/datasets/julianmedinamonje45/coffevision-leaf-cls/Enfermedad-Roya/C4P32E2_jpg.rf.2ce7f7d6d01c59aa08a7d7290304a55c.jpg,Enfermedad-Roya,1
/kaggle/input/datasets/julianmedinamonje45/coffevision-leaf-cls/Enfermedad-Roya/name33_jpg.rf.1f2e5e4f668b8452dc80cde1a8a51cab.jpg,Enfermedad-Roya,1
/kaggle/input/datasets/julianmedinamonje45/coffevision-leaf-cls/Sanas/C5P16E1_jpg.rf.3c14a415c607a07ce8f56716fef34c3e.jpg,Sanas,0
/kaggle/input/datasets/julianmedinamonje45/coffevision-leaf-cls/Sanas/C9P25E2_jpg.rf.06a428fbfe18818403186507cfaba797.jpg,Sanas,0
/kaggle/input/datasets/julianmedinamonje45/coffevision-leaf-cls/Sanas/C11P12H1_jpg.rf.f5c61862d501aba0fa37b3988ccb5584.jpg,Sanas,0
/kaggle/input/datasets/julianmedinamonje45/coffevision-leaf-cls/Sanas/8_jpg.rf.c4594e06fa846c762b862e365c0cc9b8.jpg,Sanas,0
/kaggle/input/datasets/julianmedinamonje45/coffevision-leaf-cls/Sanas/C8P26E1_jpg.rf.0858d7fecb1a68e71bd5f6a8ee1f25a3.jpg,Sanas,0
/kaggle/input/datasets/julianmedinamonje45/coffevision-leaf-cls/Enfermedad-Roya/C10P34H2_jpg.rf.6a3847e70c5492d6fc06266d84868fdd.jpg,Enfermedad-Roya,1
/kaggle/input/datasets/julianmedinamonje45/coffevision-leaf-cls/Sanas/C2P10E1_jpg.rf.13c17d055ddd6ff596d8e7d96fd113ab.jpg,Sanas,0
/kaggle/input/datasets/julianmedinamonje45/coffevision-leaf-cls/Sanas/C9P17E2_jpg.rf.f165dc3cbfddc9a69166a1f86470e7be.jpg,Sanas,0
/kaggle/input/datasets/julianmedinamonje45/coffevision-leaf-cls/Enfermedad-Roya/1555_jpg.rf.797f0478c14e5fbc7b5c7d973bf84ce4.jpg,Enfermedad-Roya,1
/kaggle/input/datasets/julianmedinamonje45/coffevision-leaf-cls/Sanas/C1P12E1_jpg.rf.7b39d2e906d06abba961451cf249cfc5.jpg,Sanas,0
/kaggle/input/datasets/julianmedinamonje45/coffevision-leaf-cls/Sanas/C9P37E2_jpg.rf.fdb8d954bafabea4f1bca41c5b67b3e2.jpg,Sanas,0
/kaggle/input/datasets/julianmedinamonje45/coffevision-leaf-cls/Sanas/C8P1E2_jpg.rf.1725c65a4cbfbca34954cc03660b89b3.jpg,Sanas,0
/kaggle/input/datasets/julianmedinamonje45/coffevision-leaf-cls/Sanas/C12P3H1_jpg.rf.e83f83438fdb57dbe8a9f9b25d94f451.jpg,Sanas,0
/kaggle/input/datasets/julianmedinamonje45/coffevision-leaf-cls/Enfermedad-Roya/1504_jpg.rf.43445b29abc4cf327b25ecbea1c4cdab.jpg,Enfermedad-Roya,1
/kaggle/input/datasets/julianmedinamonje45/coffevision-leaf-cls/Enfermedad-Roya/1472_jpg.rf.572306c73adc4371423be81ba79641d0.jpg,Enfermedad-Roya,1
/kaggle/input/datasets/julianmedinamonje45/coffevision-leaf-cls/Enfermedad-Roya/1610_jpg.rf.fdac6bff0a92734b00ceade857bfda76.jpg,Enfermedad-Roya,1
/kaggle/input/datasets/julianmedinamonje45/coffevision-leaf-cls/Enfermedad-Roya/name197_jpg.rf.6b0d3c8b43c71032957c6aab062692b4.jpg,Enfermedad-Roya,1
/kaggle/input/datasets/julianmedinamonje45/coffevision-leaf-cls/Enfermedad-Roya/C11P6H2_jpg.rf.c43410c9f0b020d14bf3c3dfe912d222.jpg,Enfermedad-Roya,1
/kaggle/input/datasets/julianmedinamonje45/coffevision-leaf-cls/Enfermedad-Roya/C8P12E1_jpg.rf.86761dadac261963776cfc666d478b70.jpg,Enfermedad-Roya,1
/kaggle/input/datasets/julianmedinamonje45/coffevision-leaf-cls/Enfermedad-Roya/C6P21E1_jpg.rf.eae0debf3672eff96809af895f348fda.jpg,Enfermedad-Roya,1
/kaggle/input/datasets/julianmedinamonje45/coffevision-leaf-cls/Sanas/C3P5E1_jpg.rf.1335e5b6d4b02e8bd4f7d35b485bb414.jpg,Sanas,0
/kaggle/input/datasets/julianmedinamonje45/coffevision-leaf-cls/Enfermedad-Roya/C8P26E2_jpg.rf.c145b86556cabf49b5e771a8575ca289.jpg,Enfermedad-Roya,1
/kaggle/input/datasets/julianmedinamonje45/coffevision-leaf-cls/Sanas/1007_jpg.rf.7d824f9ba783b9530c4b72dc428f75f2.jpg,Sanas,0
/kaggle/input/datasets/julianmedinamonje45/coffevision-leaf-cls/Sanas/1367_jpg.rf.5b2d1ef80ad232757e0d9ad2c90d9660.jpg,Sanas,0
/kaggle/input/datasets/julianmedinamonje45/coffevision-leaf-cls/Enfermedad-Roya/1465_jpg.rf.12bddb48ccf0c34e6a439513850722a0.jpg,Enfermedad-Roya,1
/kaggle/input/datasets/julianmedinamonje45/coffevision-leaf-cls/Sanas/C7P3H2_jpg.rf.c397865ae92580452484f05ff4bfb1cf.jpg,Sanas,0
/kaggle/input/datasets/julianmedinamonje45/coffevision-leaf-cls/Enfermedad-Roya/C10P24H2_jpg.rf.805fe12eaae86414f1b2b3133850254c.jpg,Enfermedad-Roya,1
/kaggle/input/datasets/julianmedinamonje45/coffevision-leaf-cls/Enfermedad-Roya/name78_jpg.rf.aa40dc883eeccda6d8506aa2c1b528d8.jpg,Enfermedad-Roya,1
/kaggle/input/datasets/julianmedinamonje45/coffevision-leaf-cls/Sanas/1038_jpg.rf.e4e4e0bc46f54ebeed41d6d8a8b75076.jpg,Sanas,0
/kaggle/input/datasets/julianmedinamonje45/coffevision-leaf-cls/Sanas/C10P12E1_jpg.rf.9c954b4ba0d9016357bf6dd05c391f8f.jpg,Sanas,0
/kaggle/input/datasets/julianmedinamonje45/coffevision-leaf-cls/Enfermedad-Roya/C12P25H2_jpg.rf.c7d2515fa37b3614d5ff6d7f409dbc10.jpg,Enfermedad-Roya,1
/kaggle/input/datasets/julianmedinamonje45/coffevision-leaf-cls/Enfermedad-Roya/896_jpg.rf.23f8af25a21fb2145e266f02ecdd23f3.jpg,Enfermedad-Roya,1
/kaggle/input/datasets/julianmedinamonje45/coffevision-leaf-cls/Enfermedad-Roya/C1P3E2_jpg.rf.6df8ff77900ec63e8cdb22f5dc2ea226.jpg,Enfermedad-Roya,1
/kaggle/input/datasets/julianmedinamonje45/coffevision-leaf-cls/Enfermedad-Roya/1490_jpg.rf.18b0b0434e0680f66fdbf7d0d17c3d0b.jpg,Enfermedad-Roya,1
/kaggle/input/datasets/julianmedinamonje45/coffevision-leaf-cls/Enfermedad-Roya/1580_jpg.rf.8779c8e4b00094aa119c3ab378f19c32.jpg,Enfermedad-Roya,1
/kaggle/input/datasets/julianmedinamonje45/coffevision-leaf-cls/Enfermedad-Roya/884_jpg.rf.3abc70be9903d948d8ffcccf31a1f6d6.jpg,Enfermedad-Roya,1
/kaggle/input/datasets/julianmedinamonje45/coffevision-leaf-cls/Sanas/C10P33H1_jpg.rf.7ec93f5b70f81d70ac0e9752faddac5a.jpg,Sanas,0
/kaggle/input/datasets/julianmedinamonje45/coffevision-leaf-cls/Enfermedad-Roya/C3P32E2_jpg.rf.3dec2eb597e05b04ff5cebf57406b11d.jpg,Enfermedad-Roya,1
/kaggle/input/datasets/julianmedinamonje45/coffevision-leaf-cls/Sanas/C10P21E1_jpg.rf.28e4e622113ba1837a9eab663b333467.jpg,Sanas,0
/kaggle/input/datasets/julianmedinamonje45/coffevision-leaf-cls/Enfermedad-Roya/1123_jpg.rf.969133a938aee748e904083f7bbad8aa.jpg,Enfermedad-Roya,1
/kaggle/input/datasets/julianmedinamonje45/coffevision-leaf-cls/Enfermedad-Roya/C5P11E1_jpg.rf.aa1d91b7def3a9d0e3c8d7c4fa9a15f8.jpg,Enfermedad-Roya,1
/kaggle/input/datasets/julianmedinamonje45/coffevision-leaf-cls/Sanas/C8P16E2_jpg.rf.4a333d791862afd15d9d9f5eae981446.jpg,Sanas,0
/kaggle/input/datasets/julianmedinamonje45/coffevision-leaf-cls/Enfermedad-Roya/C1P30H2_jpg.rf.e2941cb7ee12aafeccf1a14f93a44d39.jpg,Enfermedad-Roya,1
/kaggle/input/datasets/julianmedinamonje45/coffevision-leaf-cls/Sanas/1383_jpg.rf.1aded4337235fa536a829af658e215c1.jpg,Sanas,0
/kaggle/input/datasets/julianmedinamonje45/coffevision-leaf-cls/Enfermedad-Roya/1619_jpg.rf.63329bdf90fad2b692ff8e9c21f3c3bc.jpg,Enfermedad-Roya,1
/kaggle/input/datasets/julianmedinamonje45/coffevision-leaf-cls/Enfermedad-Roya/C6P10E2_jpg.rf.5229ca0d1bbeaa3cd0b47011ff77162f.jpg,Enfermedad-Roya,1
/kaggle/input/datasets/julianmedinamonje45/coffevision-leaf-cls/Enfermedad-Roya/648_jpg.rf.f1314279cedebd8a1be2054c68737f2f.jpg,Enfermedad-Roya,1
/kaggle/input/datasets/julianmedinamonje45/coffevision-leaf-cls/Sanas/C12P18E1_jpg.rf.c9e9db7ea636d28675742017cd1fe15e.jpg,Sanas,0
/kaggle/input/datasets/julianmedinamonje45/coffevision-leaf-cls/Sanas/C4P4H1_jpg.rf.8837cb18fe1416003ff8df1fc11cde21.jpg,Sanas,0
/kaggle/input/datasets/julianmedinamonje45/coffevision-leaf-cls/Sanas/721_jpg.rf.c22a237de14276f613868484ef874c27.jpg,Sanas,0
/kaggle/input/datasets/julianmedinamonje45/coffevision-leaf-cls/Enfermedad-Roya/C6P11H2_jpg.rf.65462d1a1e65b573081860de33bdd1bb.jpg,Enfermedad-Roya,1
/kaggle/input/datasets/julianmedinamonje45/coffevision-leaf-cls/Sanas/C10P30E1_jpg.rf.4ef9f4134857f46a8e413233ed58fd0e.jpg,Sanas,0
/kaggle/input/datasets/julianmedinamonje45/coffevision-leaf-cls/Enfermedad-Roya/1527_jpg.rf.e08af04dfb81de9fe3842ceafc341552.jpg,Enfermedad-Roya,1
/kaggle/input/datasets/julianmedinamonje45/coffevision-leaf-cls/Enfermedad-Roya/C3P21E2_jpg.rf.f1db7cb7e5652aa325ee11fe38587615.jpg,Enfermedad-Roya,1
/kaggle/input/datasets/julianmedinamonje45/coffevision-leaf-cls/Sanas/1067_jpg.rf.8e323702d10e36613996fdcf1f5995a2.jpg,Sanas,0
/kaggle/input/datasets/julianmedinamonje45/coffevision-leaf-cls/Sanas/C1P12H1_jpg.rf.4c1477d1f1ed8311d46df81b6d4a0fa9.jpg,Sanas,0
/kaggle/input/datasets/julianmedinamonje45/coffevision-leaf-cls/Enfermedad-Roya/1556_jpg.rf.d28db7b83f0b6c9bee13d812d5ee06a7.jpg,Enfermedad-Roya,1
/kaggle/input/datasets/julianmedinamonje45/coffevision-leaf-cls/Sanas/C7P9E2_jpg.rf.1f46f989c8d66eb8baadf6f599036732.jpg,Sanas,0
/kaggle/input/datasets/julianmedinamonje45/coffevision-leaf-cls/Enfermedad-Roya/1514_jpg.rf.4e2cc203b2775c6aba14a85b8c0c494c.jpg,Enfermedad-Roya,1
/kaggle/input/datasets/julianmedinamonje45/coffevision-leaf-cls/Enfermedad-Roya/C2P1E1_jpg.rf.f0543d6ad06af744aa1a0857598a77ee.jpg,Enfermedad-Roya,1
/kaggle/input/datasets/julianmedinamonje45/coffevision-leaf-cls/Enfermedad-Roya/1509_jpg.rf.15b3fb585cf42678d4b1f2a6ed0d42d7.jpg,Enfermedad-Roya,1
/kaggle/input/datasets/julianmedinamonje45/coffevision-leaf-cls/Enfermedad-Roya/1254_jpg.rf.0b415fe688b7597e2059725315776bab.jpg,Enfermedad-Roya,1
/kaggle/input/datasets/julianmedinamonje45/coffevision-leaf-cls/Sanas/1288_jpg.rf.9c63286bbbf582a781c25080f46fad15.jpg,Sanas,0
/kaggle/input/datasets/julianmedinamonje45/coffevision-leaf-cls/Sanas/1215_jpg.rf.d1b43bd79e2ab6a03675878750dbc1a5.jpg,Sanas,0
/kaggle/input/datasets/julianmedinamonje45/coffevision-leaf-cls/Enfermedad-Roya/C1P15H2_jpg.rf.0fa5980d268e2c3f0907d31009c804f9.jpg,Enfermedad-Roya,1
/kaggle/input/datasets/julianmedinamonje45/coffevision-leaf-cls/Sanas/C10P3H2_jpg.rf.4c1f9c3a5c22d5f00a1c255d565d803b.jpg,Sanas,0
/kaggle/input/datasets/julianmedinamonje45/coffevision-leaf-cls/Enfermedad-Roya/1636_jpg.rf.8b2d005293a2be4be59360608f3fadb4.jpg,Enfermedad-Roya,1
/kaggle/input/datasets/julianmedinamonje45/coffevision-leaf-cls/Enfermedad-Roya/name189_jpg.rf.8c2a9c3bda6c58726b59a65a9f08aba8.jpg,Enfermedad-Roya,1
/kaggle/input/datasets/julianmedinamonje45/coffevision-leaf-cls/Sanas/C6P27E2_jpg.rf.74338d5541e3e73f57243d1bc86cf7e9.jpg,Sanas,0
/kaggle/input/datasets/julianmedinamonje45/coffevision-leaf-cls/Enfermedad-Roya/171_jpg.rf.adf29307798bc1e1e028940c19992668.jpg,Enfermedad-Roya,1
/kaggle/input/datasets/julianmedinamonje45/coffevision-leaf-cls/Enfermedad-Roya/name109_jpg.rf.e962e025428aca6329ffe05e8405fbde.jpg,Enfermedad-Roya,1
/kaggle/input/datasets/julianmedinamonje45/coffevision-leaf-cls/Enfermedad-Roya/135_jpg.rf.e2bbe4513c2f08a6603ab640bf41e6a0.jpg,Enfermedad-Roya,1
/kaggle/input/datasets/julianmedinamonje45/coffevision-leaf-cls/Sanas/1017_jpg.rf.020b154b750f182b8fc0ced592bccaf2.jpg,Sanas,0
/kaggle/input/datasets/julianmedinamonje45/coffevision-leaf-cls/Enfermedad-Roya/1617_jpg.rf.cd9a77115796cd14494de0a7d868e81e.jpg,Enfermedad-Roya,1
/kaggle/input/datasets/julianmedinamonje45/coffevision-leaf-cls/Sanas/C1P31E1_jpg.rf.4fe9624975fea77ddbc735215547b571.jpg,Sanas,0
/kaggle/input/datasets/julianmedinamonje45/coffevision-leaf-cls/Enfermedad-Roya/name70_jpg.rf.f53767b31002d5fa8fa082ac00ac9e2e.jpg,Enfermedad-Roya,1
/kaggle/input/datasets/julianmedinamonje45/coffevision-leaf-cls/Sanas/C11P30E1_jpg.rf.b6e5f60ae900126bc49ee5b63add4bfe.jpg,Sanas,0
/kaggle/input/datasets/julianmedinamonje45/coffevision-leaf-cls/Enfermedad-Roya/name237_jpg.rf.7346c28415c8f9a47ae2db3cd322f0ee.jpg,Enfermedad-Roya,1
/kaggle/input/datasets/julianmedinamonje45/coffevision-leaf-cls/Sanas/1183_jpg.rf.5fc7e1f96b8e858592ddd87252f45293.jpg,Sanas,0
/kaggle/input/datasets/julianmedinamonje45/coffevision-leaf-cls/Sanas/C6P10H1_jpg.rf.90d64116baa22cc96fa3ac5624a76018.jpg,Sanas,0
/kaggle/input/datasets/julianmedinamonje45/coffevision-leaf-cls/Sanas/C5P7H2_jpg.rf.50dc4128f6382d689d8d378deb21b55b.jpg,Sanas,0
/kaggle/input/datasets/julianmedinamonje45/coffevision-leaf-cls/Sanas/C11P15E1_jpg.rf.a5a56fc6f6676e56930bbdbd0d92b168.jpg,Sanas,0
/kaggle/input/datasets/julianmedinamonje45/coffevision-leaf-cls/Enfermedad-Roya/C2P1H1_jpg.rf.cfce958d371b5ad75a02dd91ef865e7c.jpg,Enfermedad-Roya,1
/kaggle/input/datasets/julianmedinamonje45/coffevision-leaf-cls/Sanas/C8P31H2_jpg.rf.32c7d977905bac70aa44083a460e275c.jpg,Sanas,0
/kaggle/input/datasets/julianmedinamonje45/coffevision-leaf-cls/Enfermedad-Roya/155_jpg.rf.985a20674c93872c3fcf4d750a0a7580.jpg,Enfermedad-Roya,1
/kaggle/input/datasets/julianmedinamonje45/coffevision-leaf-cls/Enfermedad-Roya/C7P28E2_jpg.rf.3ecefe55efad6a3939f50c3dcdcfbff1.jpg,Enfermedad-Roya,1
/kaggle/input/datasets/julianmedinamonje45/coffevision-leaf-cls/Enfermedad-Roya/152_jpg.rf.4b90d42c77383de5b14162bb14bc3bd1.jpg,Enfermedad-Roya,1
/kaggle/input/datasets/julianmedinamonje45/coffevision-leaf-cls/Enfermedad-Roya/C7P40E2_jpg.rf.ff44ef7b53666de0eee5393144306da2.jpg,Enfermedad-Roya,1
/kaggle/input/datasets/julianmedinamonje45/coffevision-leaf-cls/Sanas/1630_jpg.rf.a3b99f0a734b49c3280bddba87884b7d.jpg,Sanas,0
/kaggle/input/datasets/julianmedinamonje45/coffevision-leaf-cls/Sanas/C10P8E1_jpg.rf.d8ece4590ad1d6891ddae037aa4fdb14.jpg,Sanas,0
/kaggle/input/datasets/julianmedinamonje45/coffevision-leaf-cls/Sanas/C9P31E2_jpg.rf.506a898b5796d8b911793a02b471e1fe.jpg,Sanas,0
/kaggle/input/datasets/julianmedinamonje45/coffevision-leaf-cls/Enfermedad-Roya/name6_jpg.rf.a256028a9deb565a40ebc0085c5da48d.jpg,Enfermedad-Roya,1
/kaggle/input/datasets/julianmedinamonje45/coffevision-leaf-cls/Sanas/C8P15H1_jpg.rf.8b788ce75ca64e8ee8691cd8a6ebccfa.jpg,Sanas,0
/kaggle/input/datasets/julianmedinamonje45/coffevision-leaf-cls/Enfermedad-Roya/name140_jpg.rf.313066865d002aa835288bef452660f3.jpg,Enfermedad-Roya,1
/kaggle/input/datasets/julianmedinamonje45/coffevision-leaf-cls/Enfermedad-Roya/C9P21E1_jpg.rf.344324154be5a1392a5f54b1f2515694.jpg,Enfermedad-Roya,1
/kaggle/input/datasets/julianmedinamonje45/coffevision-leaf-cls/Sanas/C11P14E1_jpg.rf.8bd2e1e16a563daa9de903f023528c89.jpg,Sanas,0
/kaggle/input/datasets/julianmedinamonje45/coffevision-leaf-cls/Sanas/C1P6H1_jpg.rf.36af5604643de67af3908410cbf6ca77.jpg,Sanas,0
/kaggle/input/datasets/julianmedinamonje45/coffevision-leaf-cls/Sanas/C10P26H1_jpg.rf.1f528fb5d7873c7725ac86c99f6de652.jpg,Sanas,0
/kaggle/input/datasets/julianmedinamonje45/coffevision-leaf-cls/Enfermedad-Roya/name108_jpg.rf.539cd2dfa1253c0360aa5671aa794763.jpg,Enfermedad-Roya,1
/kaggle/input/datasets/julianmedinamonje45/coffevision-leaf-cls/Enfermedad-Roya/712_jpg.rf.2135c3ba701968844d9291953172454a.jpg,Enfermedad-Roya,1
/kaggle/input/datasets/julianmedinamonje45/coffevision-leaf-cls/Sanas/C11P35E2_jpg.rf.f6f84e3575fb0656420f559f21966064.jpg,Sanas,0
/kaggle/input/datasets/julianmedinamonje45/coffevision-leaf-cls/Sanas/C7P15H2_jpg.rf.54e68119ac126fccfeb05138aa5ea6f1.jpg,Sanas,0
/kaggle/input/datasets/julianmedinamonje45/coffevision-leaf-cls/Sanas/1587_jpg.rf.90ede7b76ddd09667cdf5c25c9528a7b.jpg,Sanas,0
/kaggle/input/datasets/julianmedinamonje45/coffevision-leaf-cls/Enfermedad-Roya/1567_jpg.rf.2cde707aaa7f665ba952e0a8c36add99.jpg,Enfermedad-Roya,1
/kaggle/input/datasets/julianmedinamonje45/coffevision-leaf-cls/Sanas/1419_jpg.rf.60ffc207c121d94a15d28896d3ece7f8.jpg,Sanas,0
/kaggle/input/datasets/julianmedinamonje45/coffevision-leaf-cls/Sanas/C11P12E1_jpg.rf.bc38d39ea76423a2d5818ac8981735d1.jpg,Sanas,0
/kaggle/input/datasets/julianmedinamonje45/coffevision-leaf-cls/Enfermedad-Roya/name7_jpg.rf.718c66175109ca688ab88488fd51e298.jpg,Enfermedad-Roya,1
/kaggle/input/datasets/julianmedinamonje45/coffevision-leaf-cls/Sanas/1173_jpg.rf.ea977b7820cb48a466e62f91b68c43c1.jpg,Sanas,0
/kaggle/input/datasets/julianmedinamonje45/coffevision-leaf-cls/Enfermedad-Roya/C11P28E2_jpg.rf.9cfa4e563929f6e6483bf6e3c7f31205.jpg,Enfermedad-Roya,1
/kaggle/input/datasets/julianmedinamonje45/coffevision-leaf-cls/Enfermedad-Roya/C7P32H1_jpg.rf.fbaefef9bb309caff401e6f2238ee77c.jpg,Enfermedad-Roya,1
/kaggle/input/datasets/julianmedinamonje45/coffevision-leaf-cls/Enfermedad-Roya/1534_jpg.rf.ef4757eb3e724598f99a7ec04edfcaeb.jpg,Enfermedad-Roya,1
/kaggle/input/datasets/julianmedinamonje45/coffevision-leaf-cls/Enfermedad-Roya/name50_jpg.rf.d858766ec3565a8020ceea323cac66b4.jpg,Enfermedad-Roya,1
/kaggle/input/datasets/julianmedinamonje45/coffevision-leaf-cls/Enfermedad-Roya/C3P31H2_jpg.rf.2fbe601ac4b22abb87a88a24dce3b12f.jpg,Enfermedad-Roya,1
/kaggle/input/datasets/julianmedinamonje45/coffevision-leaf-cls/Sanas/746_jpg.rf.a2d096d455a469b02708b8be1df44b18.jpg,Sanas,0
/kaggle/input/datasets/julianmedinamonje45/coffevision-leaf-cls/Enfermedad-Roya/C1P9H2_jpg.rf.ad1eb19f3f298428ad497e77efa9dd6b.jpg,Enfermedad-Roya,1
/kaggle/input/datasets/julianmedinamonje45/coffevision-leaf-cls/Sanas/C9P20E2_jpg.rf.cf31b313dc94bb2be57446a3ed417afb.jpg,Sanas,0
/kaggle/input/datasets/julianmedinamonje45/coffevision-leaf-cls/Enfermedad-Roya/name13_jpg.rf.f13919a1ac25c395cd1611e449531062.jpg,Enfermedad-Roya,1
/kaggle/input/datasets/julianmedinamonje45/coffevision-leaf-cls/Sanas/851_jpg.rf.75e873432b8f57d15f9e9363ec2ce953.jpg,Sanas,0
/kaggle/input/datasets/julianmedinamonje45/coffevision-leaf-cls/Enfermedad-Roya/C10P38E2_jpg.rf.749f491ff1e92be32d441b41a8da6b1b.jpg,Enfermedad-Roya,1
/kaggle/input/datasets/julianmedinamonje45/coffevision-leaf-cls/Sanas/C11P2H1_jpg.rf.9d1729c7f30333965ed190496f62ac47.jpg,Sanas,0
/kaggle/input/datasets/julianmedinamonje45/coffevision-leaf-cls/Sanas/C5P2E1_jpg.rf.6f6d940bd2348f6e006c2a18896fc132.jpg,Sanas,0
/kaggle/input/datasets/julianmedinamonje45/coffevision-leaf-cls/Enfermedad-Roya/C5P37E1_jpg.rf.89ea36d718a0d104edd6829b0be6cd6b.jpg,Enfermedad-Roya,1
/kaggle/input/datasets/julianmedinamonje45/coffevision-leaf-cls/Enfermedad-Roya/1583_jpg.rf.3c984edd11000abe38e1a8eaf168934a.jpg,Enfermedad-Roya,1
/kaggle/input/datasets/julianmedinamonje45/coffevision-leaf-cls/Sanas/C4P17H1_jpg.rf.567b6ee43d160c2f97bdf0c49b55c796.jpg,Sanas,0
/kaggle/input/datasets/julianmedinamonje45/coffevision-leaf-cls/Sanas/1325_jpg.rf.78a31e78697bce30dd49f2953e1d9fa0.jpg,Sanas,0
/kaggle/input/datasets/julianmedinamonje45/coffevision-leaf-cls/Sanas/203_jpg.rf.9bf20e32f27f3fbd75e49086f22a42b3.jpg,Sanas,0
/kaggle/input/datasets/julianmedinamonje45/coffevision-leaf-cls/Sanas/812_jpg.rf.a366720915a37157e5e43b2df28c5766.jpg,Sanas,0
/kaggle/input/datasets/julianmedinamonje45/coffevision-leaf-cls/Enfermedad-Roya/C6P34E1_jpg.rf.747322df6f3cdc2bf5f79f854d5b3612.jpg,Enfermedad-Roya,1
/kaggle/input/datasets/julianmedinamonje45/coffevision-leaf-cls/Enfermedad-Roya/C8P23H2_jpg.rf.a3c1e330ef88507852c8609eba3ddf65.jpg,Enfermedad-Roya,1
/kaggle/input/datasets/julianmedinamonje45/coffevision-leaf-cls/Enfermedad-Roya/C9P4E1_jpg.rf.0226854135d65a62e23b527185247f3b.jpg,Enfermedad-Roya,1
/kaggle/input/datasets/julianmedinamonje45/coffevision-leaf-cls/Enfermedad-Roya/name29_jpg.rf.b9a0f9fbca2d4796d0a4950cb4f6c664.jpg,Enfermedad-Roya,1
/kaggle/input/datasets/julianmedinamonje45/coffevision-leaf-cls/Sanas/C6P29H2_jpg.rf.1fc1cccbf884ced93671fa69af59bf83.jpg,Sanas,0
/kaggle/input/datasets/julianmedinamonje45/coffevision-leaf-cls/Sanas/C3P22H1_jpg.rf.2ce3e5738e408d56bddf868ea7027462.jpg,Sanas,0
/kaggle/input/datasets/julianmedinamonje45/coffevision-leaf-cls/Enfermedad-Roya/1608_jpg.rf.d1e2591371e0b84e8a3bd23d0dd61f55.jpg,Enfermedad-Roya,1
/kaggle/input/datasets/julianmedinamonje45/coffevision-leaf-cls/Enfermedad-Roya/name242_jpg.rf.2be008441d04d9d007ba17340cbecca3.jpg,Enfermedad-Roya,1
/kaggle/input/datasets/julianmedinamonje45/coffevision-leaf-cls/Sanas/C3P15E1_jpg.rf.6fb806bcb6ac623d13af6302fbad16d3.jpg,Sanas,0
/kaggle/input/datasets/julianmedinamonje45/coffevision-leaf-cls/Sanas/C6P5H2_jpg.rf.795fed0c766fc63d9d754d9cfb8fa225.jpg,Sanas,0
/kaggle/input/datasets/julianmedinamonje45/coffevision-leaf-cls/Sanas/C10P5H2_jpg.rf.9582b6109323de92ddc9c71bed42389e.jpg,Sanas,0
/kaggle/input/datasets/julianmedinamonje45/coffevision-leaf-cls/Enfermedad-Roya/C9P20H1_jpg.rf.e783d0de8145ff5b1a83811c8c04cc56.jpg,Enfermedad-Roya,1
/kaggle/input/datasets/julianmedinamonje45/coffevision-leaf-cls/Enfermedad-Roya/C10P5E1_jpg.rf.e0ed048ded9bf0a0e0895a404bd931e3.jpg,Enfermedad-Roya,1
/kaggle/input/datasets/julianmedinamonje45/coffevision-leaf-cls/Sanas/587_jpg.rf.9a050784e881a46a1a115d204a82603b.jpg,Sanas,0
/kaggle/input/datasets/julianmedinamonje45/coffevision-leaf-cls/Sanas/C6P4H1_jpg.rf.29ae352532f1d46f7704e08f8c992070.jpg,Sanas,0
/kaggle/input/datasets/julianmedinamonje45/coffevision-leaf-cls/Sanas/1365_jpg.rf.ae3f17699cdc8b6496f34af587871a79.jpg,Sanas,0
/kaggle/input/datasets/julianmedinamonje45/coffevision-leaf-cls/Enfermedad-Roya/1458_jpg.rf.db25c0a5811108b158b554609da358a8.jpg,Enfermedad-Roya,1
/kaggle/input/datasets/julianmedinamonje45/coffevision-leaf-cls/Sanas/1410_jpg.rf.969cab49275af102bc5f5d5001146f35.jpg,Sanas,0
/kaggle/input/datasets/julianmedinamonje45/coffevision-leaf-cls/Sanas/1167_jpg.rf.aaa38659b0de1a8827eacdb57cf9ba2e.jpg,Sanas,0
/kaggle/input/datasets/julianmedinamonje45/coffevision-leaf-cls/Sanas/C3P38H1_jpg.rf.c1e1d56f68d5b992a760480b0381b771.jpg,Sanas,0
/kaggle/input/datasets/julianmedinamonje45/coffevision-leaf-cls/Sanas/C1P23H1_jpg.rf.15af3abbb15bf05eee608533bc5e2dae.jpg,Sanas,0
/kaggle/input/datasets/julianmedinamonje45/coffevision-leaf-cls/Enfermedad-Roya/C11P27E1_jpg.rf.5937ee5e5ed6ffbde94616bebcd837cb.jpg,Enfermedad-Roya,1
/kaggle/input/datasets/julianmedinamonje45/coffevision-leaf-cls/Sanas/C5P1H1_jpg.rf.007afedbcf9bef0671f7176b1a330a27.jpg,Sanas,0
/kaggle/input/datasets/julianmedinamonje45/coffevision-leaf-cls/Enfermedad-Roya/name304_jpg.rf.ab343c333f23cbf06c5239f10f9503b4.jpg,Enfermedad-Roya,1
/kaggle/input/datasets/julianmedinamonje45/coffevision-leaf-cls/Sanas/C1P21H1_jpg.rf.e8459358a8d79b92f35a36c0a51838d5.jpg,Sanas,0
/kaggle/input/datasets/julianmedinamonje45/coffevision-leaf-cls/Sanas/C1P13E1_jpg.rf.db75f1b604ecbe60b597979588a2eaaf.jpg,Sanas,0
/kaggle/input/datasets/julianmedinamonje45/coffevision-leaf-cls/Enfermedad-Roya/C6P20H2_jpg.rf.d03aa24aaa5f3804110254e86c83507e.jpg,Enfermedad-Roya,1
/kaggle/input/datasets/julianmedinamonje45/coffevision-leaf-cls/Enfermedad-Roya/C10P38H2_jpg.rf.9f72c6f18edd31025dfa7c3fc4c82176.jpg,Enfermedad-Roya,1
/kaggle/input/datasets/julianmedinamonje45/coffevision-leaf-cls/Sanas/C5P37H1_jpg.rf.4bece5c78eed19aee3fd4b378c6cdcf2.jpg,Sanas,0
/kaggle/input/datasets/julianmedinamonje45/coffevision-leaf-cls/Sanas/C1P23E1_jpg.rf.c1115f1dd59cdbc9ac140b24d68e939a.jpg,Sanas,0
/kaggle/input/datasets/julianmedinamonje45/coffevision-leaf-cls/Sanas/C1P4H1_jpg.rf.863415e39da5982de5abad019a4a66b6.jpg,Sanas,0
/kaggle/input/datasets/julianmedinamonje45/coffevision-leaf-cls/Sanas/932_jpg.rf.aa7aef07977e84da6725157dcd7b0226.jpg,Sanas,0
/kaggle/input/datasets/julianmedinamonje45/coffevision-leaf-cls/Sanas/967_jpg.rf.1a4832d94efc6ecf71f212805a688a7d.jpg,Sanas,0
/kaggle/input/datasets/julianmedinamonje45/coffevision-leaf-cls/Sanas/C4P22H1_jpg.rf.b4d50a8438c2f00a4dc36eb4fdca70af.jpg,Sanas,0
/kaggle/input/datasets/julianmedinamonje45/coffevision-leaf-cls/Sanas/1210_jpg.rf.dbc64f498800be4bd90f05101f428b54.jpg,Sanas,0
/kaggle/input/datasets/julianmedinamonje45/coffevision-leaf-cls/Sanas/15_jpg.rf.f9dc836c72fec218c7951149e9a32ec7.jpg,Sanas,0
/kaggle/input/datasets/julianmedinamonje45/coffevision-leaf-cls/Enfermedad-Roya/163_jpg.rf.e7c713f0a0fe16a1e9c5d4e1d4bcc404.jpg,Enfermedad-Roya,1
/kaggle/input/datasets/julianmedinamonje45/coffevision-leaf-cls/Sanas/1415_jpg.rf.acf74e080fd6c12fab73564931c8fa49.jpg,Sanas,0
/kaggle/input/datasets/julianmedinamonje45/coffevision-leaf-cls/Sanas/C12P22E1_jpg.rf.5cbe3969a57276fc7ecd98e663c149f4.jpg,Sanas,0
/kaggle/input/datasets/julianmedinamonje45/coffevision-leaf-cls/Enfermedad-Roya/name89_jpg.rf.ba1b70448d4583c144d73c97f87dbc5d.jpg,Enfermedad-Roya,1
/kaggle/input/datasets/julianmedinamonje45/coffevision-leaf-cls/Sanas/C2P17H1_jpg.rf.55daeb690d546d74a2a382d3dd34e4a0.jpg,Sanas,0
/kaggle/input/datasets/julianmedinamonje45/coffevision-leaf-cls/Enfermedad-Roya/C9P24H1_jpg.rf.f5fdd0c6ba6a88230223f03681697901.jpg,Enfermedad-Roya,1
/kaggle/input/datasets/julianmedinamonje45/coffevision-leaf-cls/Enfermedad-Roya/714_jpg.rf.e8e0085c80818af050871623ade33f37.jpg,Enfermedad-Roya,1
/kaggle/input/datasets/julianmedinamonje45/coffevision-leaf-cls/Enfermedad-Roya/name8_jpg.rf.ea6caf9b1e95876ec58df407da2e39fd.jpg,Enfermedad-Roya,1
/kaggle/input/datasets/julianmedinamonje45/coffevision-leaf-cls/Sanas/C10P28E1_jpg.rf.bd4bcf45655b83e8b5c7dfab6fb434b2.jpg,Sanas,0
/kaggle/input/datasets/julianmedinamonje45/coffevision-leaf-cls/Sanas/C5P9H1_jpg.rf.e720d25d5bf5d84e66832edaea9777cf.jpg,Sanas,0
/kaggle/input/datasets/julianmedinamonje45/coffevision-leaf-cls/Enfermedad-Roya/name125_jpg.rf.122250174bac133ad7cba2a9c02f0c2d.jpg,Enfermedad-Roya,1
/kaggle/input/datasets/julianmedinamonje45/coffevision-leaf-cls/Enfermedad-Roya/C11P13H2_jpg.rf.84929d78a3ee1d3a91e57fb86f36f2bf.jpg,Enfermedad-Roya,1
/kaggle/input/datasets/julianmedinamonje45/coffevision-leaf-cls/Sanas/C8P1H1_jpg.rf.ad7c44287686b55ec8c38ab72f37d19e.jpg,Sanas,0
/kaggle/input/datasets/julianmedinamonje45/coffevision-leaf-cls/Sanas/C3P14E1_jpg.rf.e451de8c11650c012e15b168936e952f.jpg,Sanas,0
/kaggle/input/datasets/julianmedinamonje45/coffevision-leaf-cls/Sanas/1051_jpg.rf.4a85f5d129bea109e7c27dcbdc74f6c1.jpg,Sanas,0
/kaggle/input/datasets/julianmedinamonje45/coffevision-leaf-cls/Enfermedad-Roya/1549_jpg.rf.597a9add70394661fbc1f0284131e5dd.jpg,Enfermedad-Roya,1
/kaggle/input/datasets/julianmedinamonje45/coffevision-leaf-cls/Sanas/1059_jpg.rf.1dd69c9ff32e0e46ff42c42c2de82de9.jpg,Sanas,0
/kaggle/input/datasets/julianmedinamonje45/coffevision-leaf-cls/Enfermedad-Roya/C11P8H2_jpg.rf.f50837d2b87cee6323f23e213841816c.jpg,Enfermedad-Roya,1
/kaggle/input/datasets/julianmedinamonje45/coffevision-leaf-cls/Enfermedad-Roya/name218_jpg.rf.5dc85f5382a1b6ffb6605a6264937dbc.jpg,Enfermedad-Roya,1
/kaggle/input/datasets/julianmedinamonje45/coffevision-leaf-cls/Enfermedad-Roya/name210_jpg.rf.9d0963659f222bf155bde697036310a7.jpg,Enfermedad-Roya,1
/kaggle/input/datasets/julianmedinamonje45/coffevision-leaf-cls/Sanas/C1P21E1_jpg.rf.7ae29aa7d99d092b115507bb453fae43.jpg,Sanas,0
/kaggle/input/datasets/julianmedinamonje45/coffevision-leaf-cls/Enfermedad-Roya/C12P15E2_jpg.rf.9dc32ac635881634751515908a0fefd1.jpg,Enfermedad-Roya,1
/kaggle/input/datasets/julianmedinamonje45/coffevision-leaf-cls/Enfermedad-Roya/C1P11H2_jpg.rf.71d48be1c8d7d8aa00a62ef3b3ccdf46.jpg,Enfermedad-Roya,1
/kaggle/input/datasets/julianmedinamonje45/coffevision-leaf-cls/Enfermedad-Roya/187_jpg.rf.3aa30ba0f26c19be3a09ccf26ca94f72.jpg,Enfermedad-Roya,1
/kaggle/input/datasets/julianmedinamonje45/coffevision-leaf-cls/Enfermedad-Roya/C1P17H2_jpg.rf.59635c89119465f4d8635fdffca15cce.jpg,Enfermedad-Roya,1
/kaggle/input/datasets/julianmedinamonje45/coffevision-leaf-cls/Enfermedad-Roya/C9P30E1_jpg.rf.aaffd09e9602a071f693b94e90a08ad6.jpg,Enfermedad-Roya,1
/kaggle/input/datasets/julianmedinamonje45/coffevision-leaf-cls/Enfermedad-Roya/C7P8H1_jpg.rf.6170409943f683bf943f2e44cbc4e8e3.jpg,Enfermedad-Roya,1
/kaggle/input/datasets/julianmedinamonje45/coffevision-leaf-cls/Enfermedad-Roya/name254_jpg.rf.8abca987f0a4f9130d0ae751c1446f66.jpg,Enfermedad-Roya,1
/kaggle/input/datasets/julianmedinamonje45/coffevision-leaf-cls/Enfermedad-Roya/C12P11E2_jpg.rf.aeb29bd382604e5e43d27b331acd54b0.jpg,Enfermedad-Roya,1
/kaggle/input/datasets/julianmedinamonje45/coffevision-leaf-cls/Sanas/C2P5E1_jpg.rf.5439ce3c894f8fc69650dcaf4610d7f4.jpg,Sanas,0
/kaggle/input/datasets/julianmedinamonje45/coffevision-leaf-cls/Enfermedad-Roya/C8P11H2_jpg.rf.382ee871b0f36b11ac98966939bdde13.jpg,Enfermedad-Roya,1
/kaggle/input/datasets/julianmedinamonje45/coffevision-leaf-cls/Sanas/C10P2H2_jpg.rf.2531c9b56b9ad4887cce0d3b80f8521d.jpg,Sanas,0
/kaggle/input/datasets/julianmedinamonje45/coffevision-leaf-cls/Sanas/C2P14E1_jpg.rf.b7f7a0a4698480d306b049a860f2a5e1.jpg,Sanas,0
/kaggle/input/datasets/julianmedinamonje45/coffevision-leaf-cls/Sanas/778_jpg.rf.9d30327c99f9fdcdf8bead28a8806749.jpg,Sanas,0
/kaggle/input/datasets/julianmedinamonje45/coffevision-leaf-cls/Enfermedad-Roya/716_jpg.rf.6d5c501cd9fd4fa8385911301418d45b.jpg,Enfermedad-Roya,1
/kaggle/input/datasets/julianmedinamonje45/coffevision-leaf-cls/Sanas/1049_jpg.rf.7377ee709cd08c03f56e0e2eaa9385a9.jpg,Sanas,0
/kaggle/input/datasets/julianmedinamonje45/coffevision-leaf-cls/Sanas/C3P23H1_jpg.rf.7449a29b2af5c8f45901f101c3ed4523.jpg,Sanas,0
/kaggle/input/datasets/julianmedinamonje45/coffevision-leaf-cls/Sanas/1180_jpg.rf.2e1a8a21235830fd22fbcdd3a5457241.jpg,Sanas,0
/kaggle/input/datasets/julianmedinamonje45/coffevision-leaf-cls/Enfermedad-Roya/name232_jpg.rf.146c116251ea6e1ee0bf99246c57de71.jpg,Enfermedad-Roya,1
/kaggle/input/datasets/julianmedinamonje45/coffevision-leaf-cls/Sanas/C9P22H2_jpg.rf.e12c23c5d70942f23a5ef7463c4d7b11.jpg,Sanas,0
/kaggle/input/datasets/julianmedinamonje45/coffevision-leaf-cls/Sanas/1403_jpg.rf.50a8402bbe2877f6a57c926a3b033dc5.jpg,Sanas,0
/kaggle/input/datasets/julianmedinamonje45/coffevision-leaf-cls/Enfermedad-Roya/C1P23H2_jpg.rf.9e7480ffd50c9180515ddd39205e248f.jpg,Enfermedad-Roya,1
/kaggle/input/datasets/julianmedinamonje45/coffevision-leaf-cls/Enfermedad-Roya/1606_jpg.rf.73954bac7cdb313eef586fecaca60fd0.jpg,Enfermedad-Roya,1
/kaggle/input/datasets/julianmedinamonje45/coffevision-leaf-cls/Sanas/1585_jpg.rf.ac3cd3fbc0ddf50992020e31e0854e00.jpg,Sanas,0
/kaggle/input/datasets/julianmedinamonje45/coffevision-leaf-cls/Enfermedad-Roya/name295_jpg.rf.b3fce47d00dffe85a2f4daec66f8c434.jpg,Enfermedad-Roya,1
/kaggle/input/datasets/julianmedinamonje45/coffevision-leaf-cls/Sanas/C10P12H1_jpg.rf.ed332298f3c4d788e1be7d13478194a8.jpg,Sanas,0
/kaggle/input/datasets/julianmedinamonje45/coffevision-leaf-cls/Enfermedad-Roya/name9_jpg.rf.4aaa5dbc02f0b113011b308600b38cca.jpg,Enfermedad-Roya,1
/kaggle/input/datasets/julianmedinamonje45/coffevision-leaf-cls/Enfermedad-Roya/name105_jpg.rf.b4287dbadbda63fdc04849553e58b1dc.jpg,Enfermedad-Roya,1
/kaggle/input/datasets/julianmedinamonje45/coffevision-leaf-cls/Enfermedad-Roya/C10P12E2_jpg.rf.5c05760f7e4c56dbdca5ab52f6a985c1.jpg,Enfermedad-Roya,1
/kaggle/input/datasets/julianmedinamonje45/coffevision-leaf-cls/Enfermedad-Roya/182_jpg.rf.d7655c7778f1ebc8f8ae91bce6a21c93.jpg,Enfermedad-Roya,1
/kaggle/input/datasets/julianmedinamonje45/coffevision-leaf-cls/Enfermedad-Roya/name319_jpg.rf.5b85b284da9b7ef85014f026efd9f17d.jpg,Enfermedad-Roya,1
/kaggle/input/datasets/julianmedinamonje45/coffevision-leaf-cls/Sanas/C6P35E1_jpg.rf.9cf95be664e687b7c65087b2667cb235.jpg,Sanas,0
/kaggle/input/datasets/julianmedinamonje45/coffevision-leaf-cls/Sanas/C2P15H2_jpg.rf.109e3f2f2221f518f701763ae3a7e1c5.jpg,Sanas,0
/kaggle/input/datasets/julianmedinamonje45/coffevision-leaf-cls/Enfermedad-Roya/name165_jpg.rf.28630fb61a13281fdc08852a6295fd1a.jpg,Enfermedad-Roya,1
/kaggle/input/datasets/julianmedinamonje45/coffevision-leaf-cls/Enfermedad-Roya/C12P14E2_jpg.rf.681de39baa2d0ee4adaf8375263858ce.jpg,Enfermedad-Roya,1
/kaggle/input/datasets/julianmedinamonje45/coffevision-leaf-cls/Enfermedad-Roya/903_jpg.rf.00b3d281564338364f4e3ea794169a05.jpg,Enfermedad-Roya,1
/kaggle/input/datasets/julianmedinamonje45/coffevision-leaf-cls/Enfermedad-Roya/1460_jpg.rf.ca7d57eb8bd19ae73580e426d936afe4.jpg,Enfermedad-Roya,1
/kaggle/input/datasets/julianmedinamonje45/coffevision-leaf-cls/Sanas/935_jpg.rf.83fbe4aef1f88deefab6ed90941c3437.jpg,Sanas,0
/kaggle/input/datasets/julianmedinamonje45/coffevision-leaf-cls/Enfermedad-Roya/C9P37H1_jpg.rf.813882111c5020265ab528312016e58a.jpg,Enfermedad-Roya,1
/kaggle/input/datasets/julianmedinamonje45/coffevision-leaf-cls/Enfermedad-Roya/C7P30H1_jpg.rf.4647c6836b2de606ab99291112d13054.jpg,Enfermedad-Roya,1
/kaggle/input/datasets/julianmedinamonje45/coffevision-leaf-cls/Sanas/C10P29E1_jpg.rf.24947c892efbf20cfdc2cbf7851c0178.jpg,Sanas,0
/kaggle/input/datasets/julianmedinamonje45/coffevision-leaf-cls/Sanas/C9P8E2_jpg.rf.64085d42557486d830c74efd2689e1fe.jpg,Sanas,0
/kaggle/input/datasets/julianmedinamonje45/coffevision-leaf-cls/Enfermedad-Roya/1517_jpg.rf.15bf75fd58fb264e46208bf4b590294d.jpg,Enfermedad-Roya,1
/kaggle/input/datasets/julianmedinamonje45/coffevision-leaf-cls/Enfermedad-Roya/158_jpg.rf.4a3e06e951bb7c214caf69a8be52be71.jpg,Enfermedad-Roya,1
/kaggle/input/datasets/julianmedinamonje45/coffevision-leaf-cls/Enfermedad-Roya/C1P29H2_jpg.rf.7a34709af76854731bc1a6001944f914.jpg,Enfermedad-Roya,1
/kaggle/input/datasets/julianmedinamonje45/coffevision-leaf-cls/Sanas/C7P10E1_jpg.rf.de270c9a7b0f4cf285eaf50730ef02e7.jpg,Sanas,0
/kaggle/input/datasets/julianmedinamonje45/coffevision-leaf-cls/Sanas/791_jpg.rf.d2fc7a94bc56db68881a06b3010fae28.jpg,Sanas,0
/kaggle/input/datasets/julianmedinamonje45/coffevision-leaf-cls/Enfermedad-Roya/C5P37H2_jpg.rf.ec735094dfb73522890d755b44c624fc.jpg,Enfermedad-Roya,1
/kaggle/input/datasets/julianmedinamonje45/coffevision-leaf-cls/Sanas/C11P39H1_jpg.rf.8f6954d35bd08c2ef71c2e410ffb2718.jpg,Sanas,0
/kaggle/input/datasets/julianmedinamonje45/coffevision-leaf-cls/Enfermedad-Roya/name209_jpg.rf.e961684b66deb01d3a698f9a086bdaae.jpg,Enfermedad-Roya,1
/kaggle/input/datasets/julianmedinamonje45/coffevision-leaf-cls/Sanas/C3P31E1_jpg.rf.b29b97cb90f6434ed6a8e8486ad0106c.jpg,Sanas,0
/kaggle/input/datasets/julianmedinamonje45/coffevision-leaf-cls/Sanas/C7P19E2_jpg.rf.0fe9c1175a3746403126a88bbad75e33.jpg,Sanas,0
/kaggle/input/datasets/julianmedinamonje45/coffevision-leaf-cls/Enfermedad-Roya/901_jpg.rf.4101eb841e5da5710fa9d23e8403401e.jpg,Enfermedad-Roya,1
/kaggle/input/datasets/julianmedinamonje45/coffevision-leaf-cls/Enfermedad-Roya/C1P25E2_jpg.rf.366709c70c9457f142bab365ba0b324a.jpg,Enfermedad-Roya,1
/kaggle/input/datasets/julianmedinamonje45/coffevision-leaf-cls/Enfermedad-Roya/886_jpg.rf.9ae0027d31243611be6938ac266f9e4e.jpg,Enfermedad-Roya,1
/kaggle/input/datasets/julianmedinamonje45/coffevision-leaf-cls/Enfermedad-Roya/C1P19H2_jpg.rf.ec6f2ae8a98323c3c48d4281e9a66cbb.jpg,Enfermedad-Roya,1
/kaggle/input/datasets/julianmedinamonje45/coffevision-leaf-cls/Enfermedad-Roya/name43_jpg.rf.8055086387ac7f1f3ee789abe518dd56.jpg,Enfermedad-Roya,1
/kaggle/input/datasets/julianmedinamonje45/coffevision-leaf-cls/Enfermedad-Roya/name293_jpg.rf.bb4422fbb11169fa617b3db6ab9c8e5f.jpg,Enfermedad-Roya,1
/kaggle/input/datasets/julianmedinamonje45/coffevision-leaf-cls/Sanas/C2P16H1_jpg.rf.7aac70d932d9ccb3c32c44e17e43e2ac.jpg,Sanas,0
/kaggle/input/datasets/julianmedinamonje45/coffevision-leaf-cls/Enfermedad-Roya/1536_jpg.rf.10c55d24a135aac8f673a2c302d3b62f.jpg,Enfermedad-Roya,1
/kaggle/input/datasets/julianmedinamonje45/coffevision-leaf-cls/Enfermedad-Roya/1461_jpg.rf.b821b73fdf53b1712cb60bdee94735a5.jpg,Enfermedad-Roya,1
/kaggle/input/datasets/julianmedinamonje45/coffevision-leaf-cls/Enfermedad-Roya/C6P37E1_jpg.rf.a967931cbd5e15dde5459c9ded9ddcb4.jpg,Enfermedad-Roya,1
/kaggle/input/datasets/julianmedinamonje45/coffevision-leaf-cls/Sanas/1162_jpg.rf.658c01c207f85b9fa31c3112a08c2e81.jpg,Sanas,0
/kaggle/input/datasets/julianmedinamonje45/coffevision-leaf-cls/Enfermedad-Roya/C9P12H1_jpg.rf.e160166ff7e0374930d5f67aaedf93b0.jpg,Enfermedad-Roya,1
/kaggle/input/datasets/julianmedinamonje45/coffevision-leaf-cls/Sanas/C9P34H2_jpg.rf.eb78b4b42a9708e4486dbbcbc2233246.jpg,Sanas,0
/kaggle/input/datasets/julianmedinamonje45/coffevision-leaf-cls/Enfermedad-Roya/C10P7E2_jpg.rf.3a57c1cec9d1628406b8f9b2b78afdd7.jpg,Enfermedad-Roya,1
/kaggle/input/datasets/julianmedinamonje45/coffevision-leaf-cls/Sanas/1174_jpg.rf.12b8d2b94b5349b1f7d4ef5067d53c90.jpg,Sanas,0
/kaggle/input/datasets/julianmedinamonje45/coffevision-leaf-cls/Sanas/C12P15E1_jpg.rf.c61c66d400e38343ba236bdacb1d1b6a.jpg,Sanas,0
/kaggle/input/datasets/julianmedinamonje45/coffevision-leaf-cls/Enfermedad-Roya/C2P25H2_jpg.rf.1614911775f78237c271f1e2395859a0.jpg,Enfermedad-Roya,1
/kaggle/input/datasets/julianmedinamonje45/coffevision-leaf-cls/Sanas/C10P36H1_jpg.rf.8420910408af57af7074c709093a79f3.jpg,Sanas,0
/kaggle/input/datasets/julianmedinamonje45/coffevision-leaf-cls/Sanas/815_jpg.rf.c1e15fc18f69fcfa9b813df5e10efb25.jpg,Sanas,0
/kaggle/input/datasets/julianmedinamonje45/coffevision-leaf-cls/Enfermedad-Roya/name211_jpg.rf.52417e978005ce036df08c52ac2fc959.jpg,Enfermedad-Roya,1
/kaggle/input/datasets/julianmedinamonje45/coffevision-leaf-cls/Sanas/C9P9E2_jpg.rf.61f36e652cdaa8596415874b07d39654.jpg,Sanas,0
/kaggle/input/datasets/julianmedinamonje45/coffevision-leaf-cls/Sanas/1629_jpg.rf.d856d657ba6135193a8d447a7c9b370a.jpg,Sanas,0
/kaggle/input/datasets/julianmedinamonje45/coffevision-leaf-cls/Enfermedad-Roya/1653_jpg.rf.2a740281130d74463dba0ea981d2cda7.jpg,Enfermedad-Roya,1
/kaggle/input/datasets/julianmedinamonje45/coffevision-leaf-cls/Sanas/C6P10E1_jpg.rf.72aac31a56ff8a70c74eb5883cb42e66.jpg,Sanas,0
/kaggle/input/datasets/julianmedinamonje45/coffevision-leaf-cls/Sanas/C7P29E1_jpg.rf.35e017568812b9a1306aa63830b17f61.jpg,Sanas,0
/kaggle/input/datasets/julianmedinamonje45/coffevision-leaf-cls/Enfermedad-Roya/name243_jpg.rf.9f8dc4a452ec9fc38a7d8f40ce3f60f0.jpg,Enfermedad-Roya,1
/kaggle/input/datasets/julianmedinamonje45/coffevision-leaf-cls/Sanas/793_jpg.rf.3b5969acaf7c9946fdb330d05b1a2db6.jpg,Sanas,0
/kaggle/input/datasets/julianmedinamonje45/coffevision-leaf-cls/Enfermedad-Roya/1641_jpg.rf.972ed3867da7b8d8d73dec0bc7881f65.jpg,Enfermedad-Roya,1
/kaggle/input/datasets/julianmedinamonje45/coffevision-leaf-cls/Enfermedad-Roya/name88_jpg.rf.4dd913c1e20e94ae2b6a7118fee20791.jpg,Enfermedad-Roya,1
/kaggle/input/datasets/julianmedinamonje45/coffevision-leaf-cls/Enfermedad-Roya/C6P8E2_jpg.rf.a070a35f843b5922d72821f486054473.jpg,Enfermedad-Roya,1
/kaggle/input/datasets/julianmedinamonje45/coffevision-leaf-cls/Sanas/1429_jpg.rf.5452e03c3f5b3d19366d1cc7e9809294.jpg,Sanas,0
/kaggle/input/datasets/julianmedinamonje45/coffevision-leaf-cls/Enfermedad-Roya/C1P17E2_jpg.rf.c6274a0a527126abc1c2e48e72f6cf8e.jpg,Enfermedad-Roya,1
/kaggle/input/datasets/julianmedinamonje45/coffevision-leaf-cls/Enfermedad-Roya/897_jpg.rf.472d10b36866659ca5aa088cceae05d5.jpg,Enfermedad-Roya,1
/kaggle/input/datasets/julianmedinamonje45/coffevision-leaf-cls/Sanas/C2P7H1_jpg.rf.fffce34d3cd5d05478c4283ffbc6eaa8.jpg,Sanas,0
/kaggle/input/datasets/julianmedinamonje45/coffevision-leaf-cls/Enfermedad-Roya/name128_jpg.rf.e00b39182f5f45c6a4a428f49b0feb85.jpg,Enfermedad-Roya,1
/kaggle/input/datasets/julianmedinamonje45/coffevision-leaf-cls/Sanas/748_jpg.rf.7452fddfb8c7cede92b151bd980f8e76.jpg,Sanas,0
/kaggle/input/datasets/julianmedinamonje45/coffevision-leaf-cls/Sanas/C2P11E1_jpg.rf.8cb0837e1bd70b74081dd7dceed6b61b.jpg,Sanas,0
/kaggle/input/datasets/julianmedinamonje45/coffevision-leaf-cls/Sanas/C5P39H1_jpg.rf.2d61ee466501731cece1f9efefeb957d.jpg,Sanas,0
/kaggle/input/datasets/julianmedinamonje45/coffevision-leaf-cls/Enfermedad-Roya/name324_jpg.rf.a10c44c1cefa755d059c0cfed189d1a5.jpg,Enfermedad-Roya,1
/kaggle/input/datasets/julianmedinamonje45/coffevision-leaf-cls/Sanas/1161_jpg.rf.3c17de3fc3f32c2cef8d486e6c14f294.jpg,Sanas,0
/kaggle/input/datasets/julianmedinamonje45/coffevision-leaf-cls/Enfermedad-Roya/name120_jpg.rf.fb4b95f214a71a0e0821618a4b27e449.jpg,Enfermedad-Roya,1
/kaggle/input/datasets/julianmedinamonje45/coffevision-leaf-cls/Sanas/1057_jpg.rf.f8282df381133fb63006432834d984f0.jpg,Sanas,0
/kaggle/input/datasets/julianmedinamonje45/coffevision-leaf-cls/Sanas/C10P1E2_jpg.rf.2f17e7a4f5544b9bc06161b464d3dcba.jpg,Sanas,0
/kaggle/input/datasets/julianmedinamonje45/coffevision-leaf-cls/Enfermedad-Roya/161_jpg.rf.fab026b7b19b375818f83b7e578431cc.jpg,Enfermedad-Roya,1
/kaggle/input/datasets/julianmedinamonje45/coffevision-leaf-cls/Sanas/C1P5H1_jpg.rf.bf59d7d152ecc4906018c550f165e1ac.jpg,Sanas,0
/kaggle/input/datasets/julianmedinamonje45/coffevision-leaf-cls/Sanas/C7P23H1_jpg.rf.56c049de990a20a909666fdd158a04a2.jpg,Sanas,0
/kaggle/input/datasets/julianmedinamonje45/coffevision-leaf-cls/Enfermedad-Roya/1635_jpg.rf.343deaed9bc9ff67ad449d62625e038c.jpg,Enfermedad-Roya,1
/kaggle/input/datasets/julianmedinamonje45/coffevision-leaf-cls/Sanas/C11P13E1_jpg.rf.fc0bf81bc8f1d9f028c925d8945b1780.jpg,Sanas,0
/kaggle/input/datasets/julianmedinamonje45/coffevision-leaf-cls/Enfermedad-Roya/1558_jpg.rf.bcb14f7c11b11713dc406ab0411d90f8.jpg,Enfermedad-Roya,1
/kaggle/input/datasets/julianmedinamonje45/coffevision-leaf-cls/Enfermedad-Roya/name316_jpg.rf.d78e74a55f527d86529cfd30e6cc0af7.jpg,Enfermedad-Roya,1
/kaggle/input/datasets/julianmedinamonje45/coffevision-leaf-cls/Sanas/1050_jpg.rf.5700a0e8f177d6c0204cc8c336fc2c60.jpg,Sanas,0
/kaggle/input/datasets/julianmedinamonje45/coffevision-leaf-cls/Sanas/1016_jpg.rf.2cb3d2e8783db77efb0a4613016157a8.jpg,Sanas,0
/kaggle/input/datasets/julianmedinamonje45/coffevision-leaf-cls/Sanas/C9P5H2_jpg.rf.839af4dcf5bfdb33bf105a11db587576.jpg,Sanas,0
/kaggle/input/datasets/julianmedinamonje45/coffevision-leaf-cls/Sanas/C10P35H1_jpg.rf.4a64d2ddb7023c1d07cc1c5236a6feca.jpg,Sanas,0
/kaggle/input/datasets/julianmedinamonje45/coffevision-leaf-cls/Enfermedad-Roya/186_jpg.rf.d670506d5804b5440305b4c74f5fd301.jpg,Enfermedad-Roya,1
/kaggle/input/datasets/julianmedinamonje45/coffevision-leaf-cls/Enfermedad-Roya/1547_jpg.rf.de361af14778ef4815b295656fb5f2e4.jpg,Enfermedad-Roya,1
/kaggle/input/datasets/julianmedinamonje45/coffevision-leaf-cls/Enfermedad-Roya/C5P25H2_jpg.rf.08fa41f295aa5434b4368e2511d935a4.jpg,Enfermedad-Roya,1
/kaggle/input/datasets/julianmedinamonje45/coffevision-leaf-cls/Enfermedad-Roya/C12P1E2_jpg.rf.a5c12656ce6da899a4fd2ab883b74160.jpg,Enfermedad-Roya,1
/kaggle/input/datasets/julianmedinamonje45/coffevision-leaf-cls/Sanas/C1P14E1_jpg.rf.b3f20e72c977de83c99360078a36e83e.jpg,Sanas,0
/kaggle/input/datasets/julianmedinamonje45/coffevision-leaf-cls/Enfermedad-Roya/1456_jpg.rf.bb1251b141b5397c60abb7be36034fb4.jpg,Enfermedad-Roya,1
/kaggle/input/datasets/julianmedinamonje45/coffevision-leaf-cls/Sanas/C1P31H1_jpg.rf.e8d54915bf0b11219a1b9fedd917eae4.jpg,Sanas,0
/kaggle/input/datasets/julianmedinamonje45/coffevision-leaf-cls/Sanas/997_jpg.rf.0d2b749a89d7e99007ff7554803e8e22.jpg,Sanas,0
/kaggle/input/datasets/julianmedinamonje45/coffevision-leaf-cls/Sanas/861_jpg.rf.8a84fb39157b2d0427c00c5d9e8955ee.jpg,Sanas,0
/kaggle/input/datasets/julianmedinamonje45/coffevision-leaf-cls/Sanas/C3P33E1_jpg.rf.645782b564be4e28441023eb3dc9db74.jpg,Sanas,0
/kaggle/input/datasets/julianmedinamonje45/coffevision-leaf-cls/Enfermedad-Roya/C1P31H2_jpg.rf.f15b28e8882c8e01baa40642d36cc4e6.jpg,Enfermedad-Roya,1
/kaggle/input/datasets/julianmedinamonje45/coffevision-leaf-cls/Enfermedad-Roya/C1P26H2_jpg.rf.1eb1293487e9350d277d3d1d25fe67eb.jpg,Enfermedad-Roya,1
/kaggle/input/datasets/julianmedinamonje45/coffevision-leaf-cls/Sanas/C4P24H1_jpg.rf.3d5d11b269f4180c2ca115b6bdd0885f.jpg,Sanas,0
/kaggle/input/datasets/julianmedinamonje45/coffevision-leaf-cls/Sanas/C7P18H2_jpg.rf.d06661b6fe55bef36add9da096564a56.jpg,Sanas,0
/kaggle/input/datasets/julianmedinamonje45/coffevision-leaf-cls/Sanas/C9P23H2_jpg.rf.5f6c2aba67c88c82fa948030b2258233.jpg,Sanas,0
/kaggle/input/datasets/julianmedinamonje45/coffevision-leaf-cls/Sanas/691_jpg.rf.169e6e508f0a063afd8c85a6690ba61a.jpg,Sanas,0
/kaggle/input/datasets/julianmedinamonje45/coffevision-leaf-cls/Enfermedad-Roya/C10P1H1_jpg.rf.5e2ac96c5a18e9ddefa6dfa2957e48fa.jpg,Enfermedad-Roya,1
/kaggle/input/datasets/julianmedinamonje45/coffevision-leaf-cls/Sanas/917_jpg.rf.3a66f86f005c6ed2fd5638f532421053.jpg,Sanas,0
/kaggle/input/datasets/julianmedinamonje45/coffevision-leaf-cls/Enfermedad-Roya/175_jpg.rf.72efb96a5113ad728f8b596a5e7ffc57.jpg,Enfermedad-Roya,1
/kaggle/input/datasets/julianmedinamonje45/coffevision-leaf-cls/Enfermedad-Roya/C10P37H2_jpg.rf.d528cb2b6fd8f7cbbb91d905ef90f248.jpg,Enfermedad-Roya,1
/kaggle/input/datasets/julianmedinamonje45/coffevision-leaf-cls/Enfermedad-Roya/C12P2E2_jpg.rf.23d3ca88d56f35b857d0c6bc08586c68.jpg,Enfermedad-Roya,1
/kaggle/input/datasets/julianmedinamonje45/coffevision-leaf-cls/Enfermedad-Roya/C8P39H2_jpg.rf.b6c535384663d957fbef9514cafc5113.jpg,Enfermedad-Roya,1
/kaggle/input/datasets/julianmedinamonje45/coffevision-leaf-cls/Sanas/C3P9H1_jpg.rf.e5ff420323f1c1816070bfe71ffb47fa.jpg,Sanas,0
/kaggle/input/datasets/julianmedinamonje45/coffevision-leaf-cls/Sanas/C5P18E1_jpg.rf.aa550bf2fd901d554ec13f910c93487a.jpg,Sanas,0
/kaggle/input/datasets/julianmedinamonje45/coffevision-leaf-cls/Enfermedad-Roya/name187_jpg.rf.1d84a1709e55bd2d0ba24068f0743ead.jpg,Enfermedad-Roya,1
/kaggle/input/datasets/julianmedinamonje45/coffevision-leaf-cls/Sanas/C11P21H1_jpg.rf.67fcf4d51e78b65dc8660e1783d0d7fc.jpg,Sanas,0
/kaggle/input/datasets/julianmedinamonje45/coffevision-leaf-cls/Enfermedad-Roya/name173_jpg.rf.51d0bbdebd8b40f0700f8ef89f06f4f7.jpg,Enfermedad-Roya,1
/kaggle/input/datasets/julianmedinamonje45/coffevision-leaf-cls/Sanas/C9P13H2_jpg.rf.1d39fafcc3750b8b8434a16991854d4e.jpg,Sanas,0
/kaggle/input/datasets/julianmedinamonje45/coffevision-leaf-cls/Enfermedad-Roya/name308_jpg.rf.d67aa4bbcf4131f1f102e2a2296158c6.jpg,Enfermedad-Roya,1
/kaggle/input/datasets/julianmedinamonje45/coffevision-leaf-cls/Enfermedad-Roya/843_jpg.rf.6c2cc3eef8ef33667dcc978b5f0f6dfa.jpg,Enfermedad-Roya,1
/kaggle/input/datasets/julianmedinamonje45/coffevision-leaf-cls/Enfermedad-Roya/C3P19E2_jpg.rf.9ff7322dc897b178c5319096a6e0cf59.jpg,Enfermedad-Roya,1
/kaggle/input/datasets/julianmedinamonje45/coffevision-leaf-cls/Enfermedad-Roya/C11P18H2_jpg.rf.cd2d7abe762f7e66bae1ab85d5ddcda9.jpg,Enfermedad-Roya,1
/kaggle/input/datasets/julianmedinamonje45/coffevision-leaf-cls/Sanas/C12P11H1_jpg.rf.feead59307cf4e2a268407a9ca986e80.jpg,Sanas,0
/kaggle/input/datasets/julianmedinamonje45/coffevision-leaf-cls/Enfermedad-Roya/name207_jpg.rf.88b599ccf62978464d9ae64c09168ccd.jpg,Enfermedad-Roya,1
/kaggle/input/datasets/julianmedinamonje45/coffevision-leaf-cls/Enfermedad-Roya/970_jpg.rf.47c064ab08234d98383149c7aa399268.jpg,Enfermedad-Roya,1
/kaggle/input/datasets/julianmedinamonje45/coffevision-leaf-cls/Sanas/C8P13E2_jpg.rf.476ee134d92f335a7e17334f10afca01.jpg,Sanas,0
/kaggle/input/datasets/julianmedinamonje45/coffevision-leaf-cls/Sanas/C11P15H1_jpg.rf.991f7870ae94d0d84af75bef7eeed3fc.jpg,Sanas,0
/kaggle/input/datasets/julianmedinamonje45/coffevision-leaf-cls/Sanas/C6P28H1_jpg.rf.5fe052b9c0089b641ff817df8d2618c7.jpg,Sanas,0
/kaggle/input/datasets/julianmedinamonje45/coffevision-leaf-cls/Enfermedad-Roya/C5P4H2_jpg.rf.ce21366c31d41c1ddc8ff4af777f8a10.jpg,Enfermedad-Roya,1
/kaggle/input/datasets/julianmedinamonje45/coffevision-leaf-cls/Sanas/C1P19E1_jpg.rf.604c2116410ce241485c55620fa1dc76.jpg,Sanas,0
/kaggle/input/datasets/julianmedinamonje45/coffevision-leaf-cls/Sanas/C6P1E1_jpg.rf.c84dd6a5a476f4c6e539351b22ad8aeb.jpg,Sanas,0
/kaggle/input/datasets/julianmedinamonje45/coffevision-leaf-cls/Enfermedad-Roya/C4P7E2_jpg.rf.282c70d13f73fd032c38a5942f78215a.jpg,Enfermedad-Roya,1
/kaggle/input/datasets/julianmedinamonje45/coffevision-leaf-cls/Enfermedad-Roya/C1P4H2_jpg.rf.9a5e5c60a8e85f7e3a4ad7160f3605a1.jpg,Enfermedad-Roya,1
/kaggle/input/datasets/julianmedinamonje45/coffevision-leaf-cls/Enfermedad-Roya/1462_jpg.rf.cb0f2e07c3df25936c59c77cbda91446.jpg,Enfermedad-Roya,1
/kaggle/input/datasets/julianmedinamonje45/coffevision-leaf-cls/Sanas/C12P22H1_jpg.rf.faf3e79048cc9a2e0d4f5a68afe09140.jpg,Sanas,0
/kaggle/input/datasets/julianmedinamonje45/coffevision-leaf-cls/Sanas/C9P22E2_jpg.rf.ebb1c4232c0a106d57257454f6bc52da.jpg,Sanas,0
/kaggle/input/datasets/julianmedinamonje45/coffevision-leaf-cls/Enfermedad-Roya/C11P38E2_jpg.rf.6b74a031e80fc36ba266c5cf72a43445.jpg,Enfermedad-Roya,1
/kaggle/input/datasets/julianmedinamonje45/coffevision-leaf-cls/Enfermedad-Roya/C6P28H2_jpg.rf.0d59ef7b750a5f00afb891a2775ef498.jpg,Enfermedad-Roya,1
/kaggle/input/datasets/julianmedinamonje45/coffevision-leaf-cls/Enfermedad-Roya/1600_jpg.rf.bef6bdcc598fec73876db0d9fe04fb0a.jpg,Enfermedad-Roya,1
/kaggle/input/datasets/julianmedinamonje45/coffevision-leaf-cls/Sanas/204_jpg.rf.7465b741a29654f93df9cb26029efdda.jpg,Sanas,0
/kaggle/input/datasets/julianmedinamonje45/coffevision-leaf-cls/Enfermedad-Roya/C7P3H1_jpg.rf.8c38b6627015ad90d81083c6b8f3f409.jpg,Enfermedad-Roya,1
/kaggle/input/datasets/julianmedinamonje45/coffevision-leaf-cls/Sanas/1186_jpg.rf.2625fc815d294510cd1ebc698a61689d.jpg,Sanas,0
/kaggle/input/datasets/julianmedinamonje45/coffevision-leaf-cls/Enfermedad-Roya/name56_jpg.rf.93ebf40ffdf1546ad81206c2861a8c12.jpg,Enfermedad-Roya,1
/kaggle/input/datasets/julianmedinamonje45/coffevision-leaf-cls/Sanas/1228_jpg.rf.90ce09416f5117831c153942332ef41e.jpg,Sanas,0
/kaggle/input/datasets/julianmedinamonje45/coffevision-leaf-cls/Sanas/C2P25H1_jpg.rf.456a1b1f77b7e261de2daf414280876f.jpg,Sanas,0
/kaggle/input/datasets/julianmedinamonje45/coffevision-leaf-cls/Sanas/694_jpg.rf.22655a4a50020c4b325c8d95a14c8a37.jpg,Sanas,0
/kaggle/input/datasets/julianmedinamonje45/coffevision-leaf-cls/Enfermedad-Roya/C2P5E2_jpg.rf.83612503ddbfd9df6a1f0bbb18274a53.jpg,Enfermedad-Roya,1
/kaggle/input/datasets/julianmedinamonje45/coffevision-leaf-cls/Sanas/941_jpg.rf.8aeef3c21a8742b0c938099cdf0e7e99.jpg,Sanas,0
/kaggle/input/datasets/julianmedinamonje45/coffevision-leaf-cls/Enfermedad-Roya/name273_jpg.rf.c132412881f5823e834dc57a0488a881.jpg,Enfermedad-Roya,1
/kaggle/input/datasets/julianmedinamonje45/coffevision-leaf-cls/Enfermedad-Roya/C4P29H2_jpg.rf.e05c6ae8eec926d8c0274019c999a7f4.jpg,Enfermedad-Roya,1
/kaggle/input/datasets/julianmedinamonje45/coffevision-leaf-cls/Sanas/C8P6H1_jpg.rf.c7ee499b260131cd552d6ddddb20f359.jpg,Sanas,0
/kaggle/input/datasets/julianmedinamonje45/coffevision-leaf-cls/Enfermedad-Roya/name186_jpg.rf.21270d82bb0ec8ff4aa183d227e2d2ac.jpg,Enfermedad-Roya,1
/kaggle/input/datasets/julianmedinamonje45/coffevision-leaf-cls/Sanas/C6P11E1_jpg.rf.8a0e798a7439b84bed4120e49b4c4207.jpg,Sanas,0
/kaggle/input/datasets/julianmedinamonje45/coffevision-leaf-cls/Sanas/C8P34H2_jpg.rf.e3affcafd7bf2033f856869286591dbe.jpg,Sanas,0
/kaggle/input/datasets/julianmedinamonje45/coffevision-leaf-cls/Sanas/C4P23H1_jpg.rf.5e37743695690a7918eed4d63170227d.jpg,Sanas,0
/kaggle/input/datasets/julianmedinamonje45/coffevision-leaf-cls/Sanas/C3P9E1_jpg.rf.dd6169432aa5d79546be10f4bc9fc03c.jpg,Sanas,0
/kaggle/input/datasets/julianmedinamonje45/coffevision-leaf-cls/Sanas/C10P39H1_jpg.rf.130079f8cad31d65659a7053f2e71b56.jpg,Sanas,0
/kaggle/input/datasets/julianmedinamonje45/coffevision-leaf-cls/Sanas/C9P28H2_jpg.rf.9c5f2c3382d6152f1b631bde17dbe5fc.jpg,Sanas,0
/kaggle/input/datasets/julianmedinamonje45/coffevision-leaf-cls/Sanas/C4P29H1_jpg.rf.cdb9081bd64e9ff6d7c26d68e3c175da.jpg,Sanas,0
/kaggle/input/datasets/julianmedinamonje45/coffevision-leaf-cls/Enfermedad-Roya/C4P2E2_jpg.rf.bb808e442f33a91ef9624524b29ba423.jpg,Enfermedad-Roya,1
/kaggle/input/datasets/julianmedinamonje45/coffevision-leaf-cls/Enfermedad-Roya/C1P20H2_jpg.rf.d144bc0ebda3c3fba414b9c441867d75.jpg,Enfermedad-Roya,1
/kaggle/input/datasets/julianmedinamonje45/coffevision-leaf-cls/Sanas/C10P39E1_jpg.rf.6ddab0aea14c9fcebc04e1c54513a061.jpg,Sanas,0
/kaggle/input/datasets/julianmedinamonje45/coffevision-leaf-cls/Enfermedad-Roya/C6P4H2_jpg.rf.6264aa8cb63822d33318e7355da11757.jpg,Enfermedad-Roya,1
/kaggle/input/datasets/julianmedinamonje45/coffevision-leaf-cls/Sanas/1225_jpg.rf.f24445008d1e51e8809f6fe30e79480d.jpg,Sanas,0
/kaggle/input/datasets/julianmedinamonje45/coffevision-leaf-cls/Sanas/C12P38E1_jpg.rf.3f30bbf3d9ff7bbf0a8e26ecccf6d187.jpg,Sanas,0
/kaggle/input/datasets/julianmedinamonje45/coffevision-leaf-cls/Enfermedad-Roya/899_jpg.rf.8210c9f542ef662c1fc9a9dabf064bf1.jpg,Enfermedad-Roya,1
/kaggle/input/datasets/julianmedinamonje45/coffevision-leaf-cls/Sanas/1223_jpg.rf.53b4b210cbb3bfc81f9170c646f0f3f7.jpg,Sanas,0
/kaggle/input/datasets/julianmedinamonje45/coffevision-leaf-cls/Sanas/C8P29H1_jpg.rf.eccf92ec5a801e6db61b9a3f6e7b22fd.jpg,Sanas,0
/kaggle/input/datasets/julianmedinamonje45/coffevision-leaf-cls/Sanas/1401_jpg.rf.b6bbb60732e449de2cf8d528238a497b.jpg,Sanas,0
/kaggle/input/datasets/julianmedinamonje45/coffevision-leaf-cls/Enfermedad-Roya/name22_jpg.rf.946e83af9057c2ea3eafa9718e5c461b.jpg,Enfermedad-Roya,1
/kaggle/input/datasets/julianmedinamonje45/coffevision-leaf-cls/Sanas/215_jpg.rf.bc74c6a2c0bd297ef137dfd6004b2ef7.jpg,Sanas,0
/kaggle/input/datasets/julianmedinamonje45/coffevision-leaf-cls/Sanas/C8P4H2_jpg.rf.3d408339ce6a35efddf704f4db4ad7df.jpg,Sanas,0
/kaggle/input/datasets/julianmedinamonje45/coffevision-leaf-cls/Sanas/C8P5E2_jpg.rf.fe34a04eacc004ffb733f32148d3f023.jpg,Sanas,0
/kaggle/input/datasets/julianmedinamonje45/coffevision-leaf-cls/Sanas/C10P19E1_jpg.rf.51cf17f1c6b13c1eba48d2977e9959d3.jpg,Sanas,0
/kaggle/input/datasets/julianmedinamonje45/coffevision-leaf-cls/Sanas/1426_jpg.rf.6333551113d6d632d821ea91b553c1f1.jpg,Sanas,0
/kaggle/input/datasets/julianmedinamonje45/coffevision-leaf-cls/Sanas/1202_jpg.rf.c3a9d9b68d1cdb1fad9f818e449d5cd1.jpg,Sanas,0
/kaggle/input/datasets/julianmedinamonje45/coffevision-leaf-cls/Sanas/C8P24E1_jpg.rf.1a9d42e3e423f5937a733a5c332efad9.jpg,Sanas,0
/kaggle/input/datasets/julianmedinamonje45/coffevision-leaf-cls/Sanas/1018_jpg.rf.92a23a9c17fd3add751c5ae1898ce231.jpg,Sanas,0
/kaggle/input/datasets/julianmedinamonje45/coffevision-leaf-cls/Sanas/C8P23H1_jpg.rf.67e72b5bcf8423c5b395863b1908ebb8.jpg,Sanas,0
/kaggle/input/datasets/julianmedinamonje45/coffevision-leaf-cls/Enfermedad-Roya/name98_jpg.rf.a41c652930f485cb9243e6b71dcb02eb.jpg,Enfermedad-Roya,1
/kaggle/input/datasets/julianmedinamonje45/coffevision-leaf-cls/Sanas/C12P17H1_jpg.rf.f5c24a73092ee8363766d0fe6c4db539.jpg,Sanas,0
/kaggle/input/datasets/julianmedinamonje45/coffevision-leaf-cls/Enfermedad-Roya/C9P14H1_jpg.rf.7ee8defd8180816de5a0bf21534b6753.jpg,Enfermedad-Roya,1
/kaggle/input/datasets/julianmedinamonje45/coffevision-leaf-cls/Enfermedad-Roya/1349_jpg.rf.77a033c64a7b0919cd443508053b312e.jpg,Enfermedad-Roya,1
/kaggle/input/datasets/julianmedinamonje45/coffevision-leaf-cls/Enfermedad-Roya/name258_jpg.rf.783900bd1c6a0e4be65693cb5d79d191.jpg,Enfermedad-Roya,1
/kaggle/input/datasets/julianmedinamonje45/coffevision-leaf-cls/Enfermedad-Roya/C5P5E2_jpg.rf.c21c4c43db873c17e65c701834cdbb84.jpg,Enfermedad-Roya,1
/kaggle/input/datasets/julianmedinamonje45/coffevision-leaf-cls/Sanas/927_jpg.rf.cb2c082dc39a72073bc1292034d48422.jpg,Sanas,0
/kaggle/input/datasets/julianmedinamonje45/coffevision-leaf-cls/Sanas/1402_jpg.rf.eb369f504ceb1e9ddb5989db8650e9fb.jpg,Sanas,0
/kaggle/input/datasets/julianmedinamonje45/coffevision-leaf-cls/Enfermedad-Roya/C1P25H2_jpg.rf.8481b672c27c1faa5510328adf3479eb.jpg,Enfermedad-Roya,1
/kaggle/input/datasets/julianmedinamonje45/coffevision-leaf-cls/Enfermedad-Roya/C8P5E1_jpg.rf.42269c859df35bb67a567448faa317a4.jpg,Enfermedad-Roya,1
/kaggle/input/datasets/julianmedinamonje45/coffevision-leaf-cls/Sanas/1182_jpg.rf.67b3a654d7723e10f0fa8a13fedbdb6b.jpg,Sanas,0
/kaggle/input/datasets/julianmedinamonje45/coffevision-leaf-cls/Enfermedad-Roya/1639_jpg.rf.20680e9d8221c1e6ad79259388daefc2.jpg,Enfermedad-Roya,1
/kaggle/input/datasets/julianmedinamonje45/coffevision-leaf-cls/Enfermedad-Roya/C5P17H2_jpg.rf.ebf9a9feedf0aecaa9c845d0a242b40e.jpg,Enfermedad-Roya,1
/kaggle/input/datasets/julianmedinamonje45/coffevision-leaf-cls/Enfermedad-Roya/1511_jpg.rf.50353a0c1f1d399d322a19b11f3a8499.jpg,Enfermedad-Roya,1
/kaggle/input/datasets/julianmedinamonje45/coffevision-leaf-cls/Enfermedad-Roya/1505_jpg.rf.6ad3a890a1f67133d36d9336b73a4df7.jpg,Enfermedad-Roya,1
/kaggle/input/datasets/julianmedinamonje45/coffevision-leaf-cls/Sanas/C3P7E1_jpg.rf.962b0de542287de7dbcce079a96e8db0.jpg,Sanas,0
/kaggle/input/datasets/julianmedinamonje45/coffevision-leaf-cls/Enfermedad-Roya/name45_jpg.rf.4cd9b76a48c291b1d75fbac12d553b16.jpg,Enfermedad-Roya,1
/kaggle/input/datasets/julianmedinamonje45/coffevision-leaf-cls/Enfermedad-Roya/C7P19E1_jpg.rf.7c88eab435d9fc7089606b9bab7f37b5.jpg,Enfermedad-Roya,1
/kaggle/input/datasets/julianmedinamonje45/coffevision-leaf-cls/Sanas/585_jpg.rf.83be16d57bf34c15e7c0233e70854f77.jpg,Sanas,0
/kaggle/input/datasets/julianmedinamonje45/coffevision-leaf-cls/Enfermedad-Roya/C9P38H1_jpg.rf.e09de7ab8d2caef0d57b824e4a2b7800.jpg,Enfermedad-Roya,1
/kaggle/input/datasets/julianmedinamonje45/coffevision-leaf-cls/Enfermedad-Roya/944_jpg.rf.7f71ffe5ceadea147d86aefdd1292234.jpg,Enfermedad-Roya,1
/kaggle/input/datasets/julianmedinamonje45/coffevision-leaf-cls/Sanas/C5P38H1_jpg.rf.79883be7696a4b1e3e4579dc661e2b90.jpg,Sanas,0
/kaggle/input/datasets/julianmedinamonje45/coffevision-leaf-cls/Sanas/1400_jpg.rf.3d97b1f26c56b1740c7f90728589c788.jpg,Sanas,0
/kaggle/input/datasets/julianmedinamonje45/coffevision-leaf-cls/Enfermedad-Roya/C10P8E2_jpg.rf.21010391777016a92b61c83b468606ad.jpg,Enfermedad-Roya,1
/kaggle/input/datasets/julianmedinamonje45/coffevision-leaf-cls/Sanas/754_jpg.rf.24166c188f27b2449ba1718cbe499563.jpg,Sanas,0
/kaggle/input/datasets/julianmedinamonje45/coffevision-leaf-cls/Enfermedad-Roya/C9P17H1_jpg.rf.dfd088f7f2928c7cbc56e93962cdba31.jpg,Enfermedad-Roya,1
/kaggle/input/datasets/julianmedinamonje45/coffevision-leaf-cls/Sanas/C9P18E2_jpg.rf.cb83b25095c758b598f8e04f698078ac.jpg,Sanas,0
/kaggle/input/datasets/julianmedinamonje45/coffevision-leaf-cls/Enfermedad-Roya/1493_jpg.rf.ca7ea048743ad9bb4e09d21383f7407f.jpg,Enfermedad-Roya,1
/kaggle/input/datasets/julianmedinamonje45/coffevision-leaf-cls/Enfermedad-Roya/C9P10H1_jpg.rf.d6af9178207dafa9c359be87e9fedd02.jpg,Enfermedad-Roya,1
/kaggle/input/datasets/julianmedinamonje45/coffevision-leaf-cls/Enfermedad-Roya/C8P14H2_jpg.rf.cbf6f7ce5d822453caa2f46817aed61f.jpg,Enfermedad-Roya,1
/kaggle/input/datasets/julianmedinamonje45/coffevision-leaf-cls/Sanas/C12P13E1_jpg.rf.f9603d2b354ce1ce26d95288c204e771.jpg,Sanas,0
/kaggle/input/datasets/julianmedinamonje45/coffevision-leaf-cls/Enfermedad-Roya/C1P6E2_jpg.rf.97867f3e9debed75e5f81319ffb7285e.jpg,Enfermedad-Roya,1
/kaggle/input/datasets/julianmedinamonje45/coffevision-leaf-cls/Enfermedad-Roya/840_jpg.rf.b4a021856e6dc6760537897b052cfd81.jpg,Enfermedad-Roya,1
/kaggle/input/datasets/julianmedinamonje45/coffevision-leaf-cls/Enfermedad-Roya/name204_jpg.rf.74aeab863a768084005d96061c549348.jpg,Enfermedad-Roya,1
/kaggle/input/datasets/julianmedinamonje45/coffevision-leaf-cls/Enfermedad-Roya/C4P39E2_jpg.rf.c22982f4b2c14139676cd5b2ec35ce63.jpg,Enfermedad-Roya,1
/kaggle/input/datasets/julianmedinamonje45/coffevision-leaf-cls/Enfermedad-Roya/C4P15H2_jpg.rf.b3b5f7a4ec561875aae0891c224c21fe.jpg,Enfermedad-Roya,1
/kaggle/input/datasets/julianmedinamonje45/coffevision-leaf-cls/Sanas/213_jpg.rf.2fc6d786a703657da341fcbd80289fda.jpg,Sanas,0
/kaggle/input/datasets/julianmedinamonje45/coffevision-leaf-cls/Enfermedad-Roya/name216_jpg.rf.8057be6487797f13674e2e35a0609f36.jpg,Enfermedad-Roya,1
/kaggle/input/datasets/julianmedinamonje45/coffevision-leaf-cls/Enfermedad-Roya/C8P13H1_jpg.rf.35f03debf2a22d999a3c98ad42f3d2b2.jpg,Enfermedad-Roya,1
/kaggle/input/datasets/julianmedinamonje45/coffevision-leaf-cls/Sanas/C7P38H1_jpg.rf.1e8a61984f3b9c41e100dd416a14ec86.jpg,Sanas,0
/kaggle/input/datasets/julianmedinamonje45/coffevision-leaf-cls/Enfermedad-Roya/1571_jpg.rf.9bc03dd31cf9c2161471866a563e0dfa.jpg,Enfermedad-Roya,1
/kaggle/input/datasets/julianmedinamonje45/coffevision-leaf-cls/Sanas/1370_jpg.rf.44172c1b1758f963a439994d8bec125c.jpg,Sanas,0
/kaggle/input/datasets/julianmedinamonje45/coffevision-leaf-cls/Enfermedad-Roya/name121_jpg.rf.39e2fc776cbb9476dd94fd5580ed0edb.jpg,Enfermedad-Roya,1
/kaggle/input/datasets/julianmedinamonje45/coffevision-leaf-cls/Sanas/C4P2H1_jpg.rf.b070fab274b5a4ff71fa3fc4eb151ca7.jpg,Sanas,0
/kaggle/input/datasets/julianmedinamonje45/coffevision-leaf-cls/Sanas/C10P33E2_jpg.rf.6b63148b2cc16fa442e98115a722dbde.jpg,Sanas,0
/kaggle/input/datasets/julianmedinamonje45/coffevision-leaf-cls/Enfermedad-Roya/1651_jpg.rf.986583f93688dfd9acae0786321293b3.jpg,Enfermedad-Roya,1
/kaggle/input/datasets/julianmedinamonje45/coffevision-leaf-cls/Enfermedad-Roya/1043_jpg.rf.649101ca96ebecd71326868485a5fcd5.jpg,Enfermedad-Roya,1
/kaggle/input/datasets/julianmedinamonje45/coffevision-leaf-cls/Enfermedad-Roya/1570_jpg.rf.ec9611f9b8c32416faf2c63b13f8c078.jpg,Enfermedad-Roya,1
/kaggle/input/datasets/julianmedinamonje45/coffevision-leaf-cls/Sanas/1207_jpg.rf.a4a0bb2062d9d7b1b7190632766accbb.jpg,Sanas,0
/kaggle/input/datasets/julianmedinamonje45/coffevision-leaf-cls/Enfermedad-Roya/name153_jpg.rf.557b8ab17165aeac58d34cd5ff95f8e5.jpg,Enfermedad-Roya,1
/kaggle/input/datasets/julianmedinamonje45/coffevision-leaf-cls/Enfermedad-Roya/1589_jpg.rf.b961bb9131d4aeb5a95df0fe7f74dbee.jpg,Enfermedad-Roya,1
/kaggle/input/datasets/julianmedinamonje45/coffevision-leaf-cls/Enfermedad-Roya/1591_jpg.rf.dff88b25a12945fc62915119ea1d4cc5.jpg,Enfermedad-Roya,1
/kaggle/input/datasets/julianmedinamonje45/coffevision-leaf-cls/Enfermedad-Roya/162_jpg.rf.e19df12129f530fafa9f5a67b02494df.jpg,Enfermedad-Roya,1
/kaggle/input/datasets/julianmedinamonje45/coffevision-leaf-cls/Sanas/2_jpg.rf.f0e6e4a004db83f3da5aa288b850cdcd.jpg,Sanas,0
/kaggle/input/datasets/julianmedinamonje45/coffevision-leaf-cls/Enfermedad-Roya/C4P31H2_jpg.rf.99cb5ebc2cafe9fe233bf9ec2fe20f2d.jpg,Enfermedad-Roya,1
/kaggle/input/datasets/julianmedinamonje45/coffevision-leaf-cls/Enfermedad-Roya/C7P21H2_jpg.rf.9cbf42798e02fd37a6d677420f9479b5.jpg,Enfermedad-Roya,1
/kaggle/input/datasets/julianmedinamonje45/coffevision-leaf-cls/Sanas/C9P4E2_jpg.rf.98d4425401a5e13440258134631c0c54.jpg,Sanas,0
/kaggle/input/datasets/julianmedinamonje45/coffevision-leaf-cls/Sanas/196_jpg.rf.e22ac0b7bf1698a7cf55e37d0b56cc3e.jpg,Sanas,0
/kaggle/input/datasets/julianmedinamonje45/coffevision-leaf-cls/Enfermedad-Roya/C7P34E1_jpg.rf.cbbadbf3fa2bb8270a5de44755a1261c.jpg,Enfermedad-Roya,1
/kaggle/input/datasets/julianmedinamonje45/coffevision-leaf-cls/Sanas/1586_jpg.rf.8f6c67bae8bb3b944bc6aa4804c2f532.jpg,Sanas,0
/kaggle/input/datasets/julianmedinamonje45/coffevision-leaf-cls/Sanas/C6P22E1_jpg.rf.0b07fd68c632c8862bf0d327d4e3d8f6.jpg,Sanas,0
/kaggle/input/datasets/julianmedinamonje45/coffevision-leaf-cls/Sanas/C6P12E1_jpg.rf.ae4d9ccde0a80648b86c26f59bfe9d1c.jpg,Sanas,0
/kaggle/input/datasets/julianmedinamonje45/coffevision-leaf-cls/Sanas/C10P17E1_jpg.rf.1892c03777bc565a767159a289f87473.jpg,Sanas,0
/kaggle/input/datasets/julianmedinamonje45/coffevision-leaf-cls/Enfermedad-Roya/1663_jpg.rf.80b558fa6a514007eef4690a3647e6b3.jpg,Enfermedad-Roya,1
/kaggle/input/datasets/julianmedinamonje45/coffevision-leaf-cls/Enfermedad-Roya/1489_jpg.rf.787e0dfcdf78e7f9edb2d3366ff79271.jpg,Enfermedad-Roya,1
/kaggle/input/datasets/julianmedinamonje45/coffevision-leaf-cls/Enfermedad-Roya/C6P31E1_jpg.rf.6079be419191d98447da3972c9c6ab31.jpg,Enfermedad-Roya,1
/kaggle/input/datasets/julianmedinamonje45/coffevision-leaf-cls/Sanas/C8P12E2_jpg.rf.0b4522ba076972b09b694a64f66ee7fd.jpg,Sanas,0
/kaggle/input/datasets/julianmedinamonje45/coffevision-leaf-cls/Sanas/C1P24H1_jpg.rf.f07caabe6a9a57711879f41d99e9aa8a.jpg,Sanas,0
/kaggle/input/datasets/julianmedinamonje45/coffevision-leaf-cls/Enfermedad-Roya/771_jpg.rf.ac5d269355ba9c2eb91dd37ccd3e43c4.jpg,Enfermedad-Roya,1
/kaggle/input/datasets/julianmedinamonje45/coffevision-leaf-cls/Enfermedad-Roya/C5P38H2_jpg.rf.976a04421aba9905ab032d98baa1d7a1.jpg,Enfermedad-Roya,1
/kaggle/input/datasets/julianmedinamonje45/coffevision-leaf-cls/Sanas/C12P18H1_jpg.rf.d97268d7cd72bd9a823a1c81f07069c6.jpg,Sanas,0
/kaggle/input/datasets/julianmedinamonje45/coffevision-leaf-cls/Sanas/C11P10H1_jpg.rf.12930f6787873909fb41df107f33b7a2.jpg,Sanas,0
/kaggle/input/datasets/julianmedinamonje45/coffevision-leaf-cls/Enfermedad-Roya/1538_jpg.rf.c634b49a6884cd94a8377ef45687edef.jpg,Enfermedad-Roya,1
/kaggle/input/datasets/julianmedinamonje45/coffevision-leaf-cls/Enfermedad-Roya/C9P30H1_jpg.rf.4a791549125ab1de9a8a022580983811.jpg,Enfermedad-Roya,1
/kaggle/input/datasets/julianmedinamonje45/coffevision-leaf-cls/Sanas/C2P24H1_jpg.rf.5d628b7d1e4d2ef2e1d3065c926cf808.jpg,Sanas,0
/kaggle/input/datasets/julianmedinamonje45/coffevision-leaf-cls/Sanas/1405_jpg.rf.3de83358abcb54c2a5203d011079ef6c.jpg,Sanas,0
/kaggle/input/datasets/julianmedinamonje45/coffevision-leaf-cls/Enfermedad-Roya/name219_jpg.rf.c0e5c73c5c46d10bcbdd4c43f26af794.jpg,Enfermedad-Roya,1
/kaggle/input/datasets/julianmedinamonje45/coffevision-leaf-cls/Enfermedad-Roya/1374_jpg.rf.f30c5aac1b94fac95316fcccb1bbbe1b.jpg,Enfermedad-Roya,1
/kaggle/input/datasets/julianmedinamonje45/coffevision-leaf-cls/Enfermedad-Roya/1592_jpg.rf.73a10dc2a7bd548aad1222c73cd76864.jpg,Enfermedad-Roya,1
/kaggle/input/datasets/julianmedinamonje45/coffevision-leaf-cls/Sanas/209_jpg.rf.61eb18dd564024d5a7293950e071fcec.jpg,Sanas,0
/kaggle/input/datasets/julianmedinamonje45/coffevision-leaf-cls/Sanas/848_jpg.rf.9192d98001c3bcd058b24da7de5571b6.jpg,Sanas,0
/kaggle/input/datasets/julianmedinamonje45/coffevision-leaf-cls/Enfermedad-Roya/C7P29E2_jpg.rf.18594d47dda093096a5880ea75ee7672.jpg,Enfermedad-Roya,1
/kaggle/input/datasets/julianmedinamonje45/coffevision-leaf-cls/Sanas/1119_jpg.rf.034dbe4b478db149cf571d57f9655e9c.jpg,Sanas,0
/kaggle/input/datasets/julianmedinamonje45/coffevision-leaf-cls/Sanas/C4P27E1_jpg.rf.6b900a9fc2c2bf440f09b0a9e84819f8.jpg,Sanas,0
/kaggle/input/datasets/julianmedinamonje45/coffevision-leaf-cls/Enfermedad-Roya/1488_jpg.rf.3abc3da848d7cc77167f18abff5a3d05.jpg,Enfermedad-Roya,1
/kaggle/input/datasets/julianmedinamonje45/coffevision-leaf-cls/Sanas/1205_jpg.rf.1781f18cf7c8ef9469b537cd92f06cc8.jpg,Sanas,0
/kaggle/input/datasets/julianmedinamonje45/coffevision-leaf-cls/Sanas/C4P28E1_jpg.rf.b0dddde4501dcf760969a48869c0438f.jpg,Sanas,0
/kaggle/input/datasets/julianmedinamonje45/coffevision-leaf-cls/Sanas/C3P3H1_jpg.rf.6784292b90e43f007085790d0d42d9ea.jpg,Sanas,0
/kaggle/input/datasets/julianmedinamonje45/coffevision-leaf-cls/Enfermedad-Roya/name130_jpg.rf.4aa2233c9a0b3f8ddf74fe52563c3f08.jpg,Enfermedad-Roya,1
/kaggle/input/datasets/julianmedinamonje45/coffevision-leaf-cls/Sanas/965_jpg.rf.bfb53857bc3b3f179d963855ed936599.jpg,Sanas,0
/kaggle/input/datasets/julianmedinamonje45/coffevision-leaf-cls/Enfermedad-Roya/C10P11E2_jpg.rf.8a274785219c1ff99e47b3268c19b1a4.jpg,Enfermedad-Roya,1
/kaggle/input/datasets/julianmedinamonje45/coffevision-leaf-cls/Enfermedad-Roya/C5P5H2_jpg.rf.e9d2339d3cecbcfe3a7d40c59018b4c9.jpg,Enfermedad-Roya,1
/kaggle/input/datasets/julianmedinamonje45/coffevision-leaf-cls/Sanas/C10P8H1_jpg.rf.9e00637767aecadcdf63df030630e0c3.jpg,Sanas,0
/kaggle/input/datasets/julianmedinamonje45/coffevision-leaf-cls/Enfermedad-Roya/1594_jpg.rf.40ed1d178097baa8192e02a5312b42ef.jpg,Enfermedad-Roya,1
/kaggle/input/datasets/julianmedinamonje45/coffevision-leaf-cls/Enfermedad-Roya/name64_jpg.rf.e3c1379796b7c1070773545f24a35839.jpg,Enfermedad-Roya,1
/kaggle/input/datasets/julianmedinamonje45/coffevision-leaf-cls/Enfermedad-Roya/C4P9H2_jpg.rf.44e2c641f64e552a7ce9b1bf0dbcafc6.jpg,Enfermedad-Roya,1
/kaggle/input/datasets/julianmedinamonje45/coffevision-leaf-cls/Sanas/1062_jpg.rf.7616e86ca36f476da4508e90d8482b5e.jpg,Sanas,0
/kaggle/input/datasets/julianmedinamonje45/coffevision-leaf-cls/Enfermedad-Roya/1467_jpg.rf.9bc70b71202ae7614aa6566399b5658c.jpg,Enfermedad-Roya,1
/kaggle/input/datasets/julianmedinamonje45/coffevision-leaf-cls/Sanas/1382_jpg.rf.3507f49a3bd4a744ed282018620bb924.jpg,Sanas,0
/kaggle/input/datasets/julianmedinamonje45/coffevision-leaf-cls/Enfermedad-Roya/name205_jpg.rf.f961da8bba279c8563c7f65becfb660a.jpg,Enfermedad-Roya,1
/kaggle/input/datasets/julianmedinamonje45/coffevision-leaf-cls/Sanas/C3P16E1_jpg.rf.22725db0faa415f97dcfa5e097bfe92b.jpg,Sanas,0
/kaggle/input/datasets/julianmedinamonje45/coffevision-leaf-cls/Enfermedad-Roya/name305_jpg.rf.2b7a7a4588830a0618ed786c158da4a7.jpg,Enfermedad-Roya,1
/kaggle/input/datasets/julianmedinamonje45/coffevision-leaf-cls/Enfermedad-Roya/900_jpg.rf.4ac2068959f54b85254fe961667f5022.jpg,Enfermedad-Roya,1
/kaggle/input/datasets/julianmedinamonje45/coffevision-leaf-cls/Sanas/813_jpg.rf.36c53d0e85ccc60daaf4b7e7928ec43a.jpg,Sanas,0
/kaggle/input/datasets/julianmedinamonje45/coffevision-leaf-cls/Enfermedad-Roya/C12P40E2_jpg.rf.b4b7e11da62dc1547318566b96caa016.jpg,Enfermedad-Roya,1
/kaggle/input/datasets/julianmedinamonje45/coffevision-leaf-cls/Sanas/862_jpg.rf.05ea52efb9576c9d18b345d2d00f5859.jpg,Sanas,0
/kaggle/input/datasets/julianmedinamonje45/coffevision-leaf-cls/Sanas/C4P10E1_jpg.rf.72095ddc3875674c771a78109a12edcd.jpg,Sanas,0
/kaggle/input/datasets/julianmedinamonje45/coffevision-leaf-cls/Sanas/C6P33E1_jpg.rf.738cb6142669817570ab4807864cc245.jpg,Sanas,0
/kaggle/input/datasets/julianmedinamonje45/coffevision-leaf-cls/Sanas/1241_jpg.rf.5b4398b3aefc2eea34aadd03a07a9bcc.jpg,Sanas,0
/kaggle/input/datasets/julianmedinamonje45/coffevision-leaf-cls/Enfermedad-Roya/1661_jpg.rf.b70d2ee896b793e4ff7334a2f410fa22.jpg,Enfermedad-Roya,1
/kaggle/input/datasets/julianmedinamonje45/coffevision-leaf-cls/Sanas/C11P13H1_jpg.rf.f5c3369709d61398a080edbf24e496aa.jpg,Sanas,0
/kaggle/input/datasets/julianmedinamonje45/coffevision-leaf-cls/Enfermedad-Roya/name10_jpg.rf.1223aff58f7145fa394b15ac904142ec.jpg,Enfermedad-Roya,1
/kaggle/input/datasets/julianmedinamonje45/coffevision-leaf-cls/Enfermedad-Roya/C12P30E2_jpg.rf.2e7ec2ef43926dcf43fa3b6aa425260a.jpg,Enfermedad-Roya,1
/kaggle/input/datasets/julianmedinamonje45/coffevision-leaf-cls/Sanas/1185_jpg.rf.2b6492584c9e1fc9b7c50d8619b76e6f.jpg,Sanas,0
/kaggle/input/datasets/julianmedinamonje45/coffevision-leaf-cls/Sanas/C2P1H2_jpg.rf.bab76ee08d8b9a62b72867b94ebaaae5.jpg,Sanas,0
/kaggle/input/datasets/julianmedinamonje45/coffevision-leaf-cls/Enfermedad-Roya/128_jpg.rf.8ab4a4c6ae0be1209d76558ba2c6ed98.jpg,Enfermedad-Roya,1
/kaggle/input/datasets/julianmedinamonje45/coffevision-leaf-cls/Enfermedad-Roya/148_jpg.rf.2de0958acb91eb2223464265f1ba21a1.jpg,Enfermedad-Roya,1
/kaggle/input/datasets/julianmedinamonje45/coffevision-leaf-cls/Enfermedad-Roya/name96_jpg.rf.792de1c86d80b08f8022cfe2f71037e4.jpg,Enfermedad-Roya,1
/kaggle/input/datasets/julianmedinamonje45/coffevision-leaf-cls/Enfermedad-Roya/C6P27E1_jpg.rf.3ee8dc40a66bc9fa4200f206189be825.jpg,Enfermedad-Roya,1
/kaggle/input/datasets/julianmedinamonje45/coffevision-leaf-cls/Sanas/C8P18E1_jpg.rf.c5c7bf439be15535c248642dbde8ed03.jpg,Sanas,0
/kaggle/input/datasets/julianmedinamonje45/coffevision-leaf-cls/Sanas/1369_jpg.rf.5548d276680dcadaaa66214fc16ff593.jpg,Sanas,0
/kaggle/input/datasets/julianmedinamonje45/coffevision-leaf-cls/Enfermedad-Roya/name245_jpg.rf.aad25675e465c0b392519d4ed059cd3b.jpg,Enfermedad-Roya,1
/kaggle/input/datasets/julianmedinamonje45/coffevision-leaf-cls/Enfermedad-Roya/C6P3E2_jpg.rf.cbee7f737c0494c5f4fb5e220f988e48.jpg,Enfermedad-Roya,1
/kaggle/input/datasets/julianmedinamonje45/coffevision-leaf-cls/Enfermedad-Roya/name18_jpg.rf.4477ba92dc3866f632bc24627da53f44.jpg,Enfermedad-Roya,1
/kaggle/input/datasets/julianmedinamonje45/coffevision-leaf-cls/Sanas/C1P7H1_jpg.rf.7f2f8f6b3ad7241d294d707c209a6be7.jpg,Sanas,0
/kaggle/input/datasets/julianmedinamonje45/coffevision-leaf-cls/Enfermedad-Roya/C8P4H1_jpg.rf.8bec241100cd34d3137de8c03c7fdfe7.jpg,Enfermedad-Roya,1
/kaggle/input/datasets/julianmedinamonje45/coffevision-leaf-cls/Sanas/1384_jpg.rf.450c8726e37ba70cd19d50d4073bc59f.jpg,Sanas,0
/kaggle/input/datasets/julianmedinamonje45/coffevision-leaf-cls/Enfermedad-Roya/C9P27H1_jpg.rf.ed27451d19df3d4803eea34d62a3abeb.jpg,Enfermedad-Roya,1
/kaggle/input/datasets/julianmedinamonje45/coffevision-leaf-cls/Sanas/C9P21H2_jpg.rf.29fa5be7ac487c6c9cd77a7182a103e2.jpg,Sanas,0
/kaggle/input/datasets/julianmedinamonje45/coffevision-leaf-cls/Enfermedad-Roya/C5P12H1_jpg.rf.368c6b080539ce69e9afeb1d69b6f8f0.jpg,Enfermedad-Roya,1
/kaggle/input/datasets/julianmedinamonje45/coffevision-leaf-cls/Enfermedad-Roya/C7P30E1_jpg.rf.228bb25e1ce663e2620267aed7cc25bc.jpg,Enfermedad-Roya,1
/kaggle/input/datasets/julianmedinamonje45/coffevision-leaf-cls/Sanas/998_jpg.rf.9ee992568171e497fe7c9873d249b55d.jpg,Sanas,0
/kaggle/input/datasets/julianmedinamonje45/coffevision-leaf-cls/Enfermedad-Roya/C5P13H2_jpg.rf.f19eb50dca9f2efa5a87ed96bc65efab.jpg,Enfermedad-Roya,1
/kaggle/input/datasets/julianmedinamonje45/coffevision-leaf-cls/Enfermedad-Roya/C5P26H2_jpg.rf.ada96e841ac6cb4cedc39a20b7f5f95f.jpg,Enfermedad-Roya,1
/kaggle/input/datasets/julianmedinamonje45/coffevision-leaf-cls/Sanas/C10P36E1_jpg.rf.4cfeb0a4494221ee9812f3c88bb3f23a.jpg,Sanas,0
/kaggle/input/datasets/julianmedinamonje45/coffevision-leaf-cls/Sanas/201_jpg.rf.d9c0207c9bb779153c2aa4119a40998e.jpg,Sanas,0
/kaggle/input/datasets/julianmedinamonje45/coffevision-leaf-cls/Enfermedad-Roya/name214_jpg.rf.a54d9fdcdc99cc397530c67be6322095.jpg,Enfermedad-Roya,1
/kaggle/input/datasets/julianmedinamonje45/coffevision-leaf-cls/Sanas/1290_jpg.rf.8c105021056a3d0b86fff878bdc25673.jpg,Sanas,0
/kaggle/input/datasets/julianmedinamonje45/coffevision-leaf-cls/Enfermedad-Roya/name296_jpg.rf.937cebfce8d8a6d34a92cff669002bbd.jpg,Enfermedad-Roya,1
/kaggle/input/datasets/julianmedinamonje45/coffevision-leaf-cls/Sanas/1584_jpg.rf.464ceac56efcd2e0bd12895756fd8f70.jpg,Sanas,0
/kaggle/input/datasets/julianmedinamonje45/coffevision-leaf-cls/Sanas/C8P35E2_jpg.rf.6966a72944cac4790445c530d6256aee.jpg,Sanas,0
/kaggle/input/datasets/julianmedinamonje45/coffevision-leaf-cls/Sanas/C1P15H1_jpg.rf.c7d0c0825a6469ce0f56eada2d163209.jpg,Sanas,0
/kaggle/input/datasets/julianmedinamonje45/coffevision-leaf-cls/Enfermedad-Roya/C11P2H2_jpg.rf.8d382d601c7da3e62b99cde8bf54b630.jpg,Enfermedad-Roya,1
/kaggle/input/datasets/julianmedinamonje45/coffevision-leaf-cls/Sanas/C9P5E2_jpg.rf.91309772f95cdb7ac423d86f6618db89.jpg,Sanas,0
/kaggle/input/datasets/julianmedinamonje45/coffevision-leaf-cls/Sanas/C1P20H1_jpg.rf.a456b237b0b7aac41719a7b6d8d46ab9.jpg,Sanas,0
/kaggle/input/datasets/julianmedinamonje45/coffevision-leaf-cls/Sanas/1_jpg.rf.a30ed55a62ac3109cc508c45121ca02a.jpg,Sanas,0
/kaggle/input/datasets/julianmedinamonje45/coffevision-leaf-cls/Sanas/C4P18E1_jpg.rf.852303c059a9b8705341ec1264d46d78.jpg,Sanas,0
/kaggle/input/datasets/julianmedinamonje45/coffevision-leaf-cls/Sanas/3_jpg.rf.972369dada173e267814abc800144aae.jpg,Sanas,0
/kaggle/input/datasets/julianmedinamonje45/coffevision-leaf-cls/Sanas/C4P21E1_jpg.rf.b16a5be7976a122945e2a2db79e85b0e.jpg,Sanas,0
/kaggle/input/datasets/julianmedinamonje45/coffevision-leaf-cls/Enfermedad-Roya/name253_jpg.rf.1527ad1d31e74b9403d2bca5c02b828b.jpg,Enfermedad-Roya,1
/kaggle/input/datasets/julianmedinamonje45/coffevision-leaf-cls/Enfermedad-Roya/C1P14E2_jpg.rf.66ca40c5ea934982a353f1f9ef22841d.jpg,Enfermedad-Roya,1
/kaggle/input/datasets/julianmedinamonje45/coffevision-leaf-cls/Enfermedad-Roya/146_jpg.rf.2639352bc359242e06d4e1fe4a024c81.jpg,Enfermedad-Roya,1
/kaggle/input/datasets/julianmedinamonje45/coffevision-leaf-cls/Sanas/C3P32E1_jpg.rf.8d05eed49cdbe1ae7fcd3e9a46b1c1e2.jpg,Sanas,0
/kaggle/input/datasets/julianmedinamonje45/coffevision-leaf-cls/Sanas/C4P7E1_jpg.rf.f689dec22db9d1dbd6016ae4d6d83631.jpg,Sanas,0
/kaggle/input/datasets/julianmedinamonje45/coffevision-leaf-cls/Enfermedad-Roya/C12P22H2_jpg.rf.c3479ecbc31074299dadfa45f1398f61.jpg,Enfermedad-Roya,1
/kaggle/input/datasets/julianmedinamonje45/coffevision-leaf-cls/Enfermedad-Roya/947_jpg.rf.209493c02194fb6bb739c4d718f39e8c.jpg,Enfermedad-Roya,1
/kaggle/input/datasets/julianmedinamonje45/coffevision-leaf-cls/Sanas/925_jpg.rf.19db88ba966bd689f9546cdb9c254ff2.jpg,Sanas,0
/kaggle/input/datasets/julianmedinamonje45/coffevision-leaf-cls/Sanas/C4P4E1_jpg.rf.cbba067012279c042cdeb6b926969ff5.jpg,Sanas,0
/kaggle/input/datasets/julianmedinamonje45/coffevision-leaf-cls/Sanas/C11P6E1_jpg.rf.53d5e077182cc3981c343b5e74b125d2.jpg,Sanas,0
/kaggle/input/datasets/julianmedinamonje45/coffevision-leaf-cls/Sanas/1196_jpg.rf.ea66615fcd52c15f3155532be929ce94.jpg,Sanas,0
/kaggle/input/datasets/julianmedinamonje45/coffevision-leaf-cls/Enfermedad-Roya/C3P28E2_jpg.rf.6db5755b2506a6c38d7da039b02d85c3.jpg,Enfermedad-Roya,1
/kaggle/input/datasets/julianmedinamonje45/coffevision-leaf-cls/Sanas/C12P20H1_jpg.rf.caee041a660c485b8414a4c45c6abd4c.jpg,Sanas,0
/kaggle/input/datasets/julianmedinamonje45/coffevision-leaf-cls/Enfermedad-Roya/C5P6E2_jpg.rf.e61a1d9cc496284902ef252fb215f5fe.jpg,Enfermedad-Roya,1
/kaggle/input/datasets/julianmedinamonje45/coffevision-leaf-cls/Enfermedad-Roya/name126_jpg.rf.cc859b9d7c91bd3098c193d02ef56f9a.jpg,Enfermedad-Roya,1
/kaggle/input/datasets/julianmedinamonje45/coffevision-leaf-cls/Enfermedad-Roya/name248_jpg.rf.c70838b0818f85273b5694a13d73528d.jpg,Enfermedad-Roya,1
/kaggle/input/datasets/julianmedinamonje45/coffevision-leaf-cls/Enfermedad-Roya/1031_jpg.rf.4186e9b402672bdc88138f4480cafc37.jpg,Enfermedad-Roya,1
/kaggle/input/datasets/julianmedinamonje45/coffevision-leaf-cls/Sanas/C5P17E1_jpg.rf.8686bacfce33633ea2041c7b780658f8.jpg,Sanas,0
/kaggle/input/datasets/julianmedinamonje45/coffevision-leaf-cls/Sanas/C12P12E1_jpg.rf.be1f2a5303433649313f8003845cb2b9.jpg,Sanas,0
/kaggle/input/datasets/julianmedinamonje45/coffevision-leaf-cls/Enfermedad-Roya/C9P20E1_jpg.rf.9cc9a15ba25a52fb5e81bd9ee4155cd0.jpg,Enfermedad-Roya,1
/kaggle/input/datasets/julianmedinamonje45/coffevision-leaf-cls/Sanas/863_jpg.rf.0624c2582c21bc1e4f175d8de08289c0.jpg,Sanas,0
/kaggle/input/datasets/julianmedinamonje45/coffevision-leaf-cls/Sanas/C1P2E1_jpg.rf.1ff6c220ca7e30069c6adb292e4e586e.jpg,Sanas,0
/kaggle/input/datasets/julianmedinamonje45/coffevision-leaf-cls/Enfermedad-Roya/C10P4E1_jpg.rf.7c485518047084722f59e1404451f0e1.jpg,Enfermedad-Roya,1
/kaggle/input/datasets/julianmedinamonje45/coffevision-leaf-cls/Enfermedad-Roya/name260_jpg.rf.b3cc4bb081fa87678f3624840c9fbc1c.jpg,Enfermedad-Roya,1
/kaggle/input/datasets/julianmedinamonje45/coffevision-leaf-cls/Sanas/1169_jpg.rf.317cd7d696f2d88d41eee5b3cd76cd02.jpg,Sanas,0
/kaggle/input/datasets/julianmedinamonje45/coffevision-leaf-cls/Enfermedad-Roya/1593_jpg.rf.e6bbaefa7f3ec0a41c653ae2f9b48325.jpg,Enfermedad-Roya,1
/kaggle/input/datasets/julianmedinamonje45/coffevision-leaf-cls/Enfermedad-Roya/1468_jpg.rf.31851d98ecc411b978a20dd35718b084.jpg,Enfermedad-Roya,1
/kaggle/input/datasets/julianmedinamonje45/coffevision-leaf-cls/Sanas/1395_jpg.rf.0a03f9c4925314ef2279f0a0739b9c22.jpg,Sanas,0
/kaggle/input/datasets/julianmedinamonje45/coffevision-leaf-cls/Enfermedad-Roya/C1P29E2_jpg.rf.373b50bd33458ed0761ff88611717814.jpg,Enfermedad-Roya,1
/kaggle/input/datasets/julianmedinamonje45/coffevision-leaf-cls/Sanas/C3P31H1_jpg.rf.1948d387a1e6fc4482ee2006cc1aff31.jpg,Sanas,0
/kaggle/input/datasets/julianmedinamonje45/coffevision-leaf-cls/Sanas/C10P15H1_jpg.rf.5fb7165d667b3e6f6dfc511afe9f26f1.jpg,Sanas,0
/kaggle/input/datasets/julianmedinamonje45/coffevision-leaf-cls/Enfermedad-Roya/name182_jpg.rf.a42395cf28be8f26407d0505322c8e96.jpg,Enfermedad-Roya,1
/kaggle/input/datasets/julianmedinamonje45/coffevision-leaf-cls/Enfermedad-Roya/1581_jpg.rf.1432086af5a5a634ac01d843ebeb8beb.jpg,Enfermedad-Roya,1
/kaggle/input/datasets/julianmedinamonje45/coffevision-leaf-cls/Sanas/C5P16H1_jpg.rf.4bec63c71db913d0eff9b9c532238724.jpg,Sanas,0
/kaggle/input/datasets/julianmedinamonje45/coffevision-leaf-cls/Enfermedad-Roya/C8P18H2_jpg.rf.7a3d59ead7338a5fd6bb3065bfe215e3.jpg,Enfermedad-Roya,1
/kaggle/input/datasets/julianmedinamonje45/coffevision-leaf-cls/Enfermedad-Roya/1552_jpg.rf.9631299ff7e03d5208987828e8899911.jpg,Enfermedad-Roya,1
/kaggle/input/datasets/julianmedinamonje45/coffevision-leaf-cls/Enfermedad-Roya/C11P28H2_jpg.rf.609c38d1457b2d2cc69b134f9ac5b8a9.jpg,Enfermedad-Roya,1
/kaggle/input/datasets/julianmedinamonje45/coffevision-leaf-cls/Sanas/C4P16E1_jpg.rf.5c7e6a6ac492a2b57cca71054dda87a1.jpg,Sanas,0
/kaggle/input/datasets/julianmedinamonje45/coffevision-leaf-cls/Enfermedad-Roya/C5P7H1_jpg.rf.1a69ec31b19d175eaab0060e52ad38fd.jpg,Enfermedad-Roya,1
/kaggle/input/datasets/julianmedinamonje45/coffevision-leaf-cls/Sanas/0_jpg.rf.a5e4e8e015759b28c63062a2eaa32b9f.jpg,Sanas,0
/kaggle/input/datasets/julianmedinamonje45/coffevision-leaf-cls/Sanas/1230_jpg.rf.62c3b49fc7ccc5e840aa4e2103f36daf.jpg,Sanas,0
/kaggle/input/datasets/julianmedinamonje45/coffevision-leaf-cls/Enfermedad-Roya/name2_jpg.rf.7df09aa2b497f9b5a30c015e539ed753.jpg,Enfermedad-Roya,1
/kaggle/input/datasets/julianmedinamonje45/coffevision-leaf-cls/Sanas/C6P3E1_jpg.rf.e249fe410a881ac2a123eb5895e7e4e6.jpg,Sanas,0
/kaggle/input/datasets/julianmedinamonje45/coffevision-leaf-cls/Enfermedad-Roya/962_jpg.rf.d39287b797fe45e94591ea8aab974f3d.jpg,Enfermedad-Roya,1
/kaggle/input/datasets/julianmedinamonje45/coffevision-leaf-cls/Enfermedad-Roya/C10P27H2_jpg.rf.34aa9257151b9413e6f7a1f274a99f01.jpg,Enfermedad-Roya,1
/kaggle/input/datasets/julianmedinamonje45/coffevision-leaf-cls/Sanas/C8P21H2_jpg.rf.3b4a83ca076a45bc5be11de639047c18.jpg,Sanas,0
/kaggle/input/datasets/julianmedinamonje45/coffevision-leaf-cls/Sanas/1006_jpg.rf.79f589ef86387484540c1687d8212b3c.jpg,Sanas,0
/kaggle/input/datasets/julianmedinamonje45/coffevision-leaf-cls/Sanas/C4P40E1_jpg.rf.c917f5cabd24f626c2b94bfd1e6d4026.jpg,Sanas,0
/kaggle/input/datasets/julianmedinamonje45/coffevision-leaf-cls/Sanas/C8P5H2_jpg.rf.dc8be2bf3f20b5c212b530ddd99721c0.jpg,Sanas,0
/kaggle/input/datasets/julianmedinamonje45/coffevision-leaf-cls/Sanas/C1P5E1_jpg.rf.fcfc561c6062f9868c70063b805da73e.jpg,Sanas,0
/kaggle/input/datasets/julianmedinamonje45/coffevision-leaf-cls/Enfermedad-Roya/1350_jpg.rf.832e78aa9f549569a83e1d19495341ff.jpg,Enfermedad-Roya,1
/kaggle/input/datasets/julianmedinamonje45/coffevision-leaf-cls/Enfermedad-Roya/C2P4E2_jpg.rf.3899a51958863201d4aa4c0b65729aae.jpg,Enfermedad-Roya,1
/kaggle/input/datasets/julianmedinamonje45/coffevision-leaf-cls/Enfermedad-Roya/name283_jpg.rf.988edb0c2905628f33d4d8c1a72fccbb.jpg,Enfermedad-Roya,1
/kaggle/input/datasets/julianmedinamonje45/coffevision-leaf-cls/Enfermedad-Roya/C10P11H2_jpg.rf.f3ad5d62a68a00053121d74e502bce83.jpg,Enfermedad-Roya,1
/kaggle/input/datasets/julianmedinamonje45/coffevision-leaf-cls/Enfermedad-Roya/1090_jpg.rf.615546aac1a2803a4a21c31ff59c1950.jpg,Enfermedad-Roya,1
/kaggle/input/datasets/julianmedinamonje45/coffevision-leaf-cls/Enfermedad-Roya/C5P9E2_jpg.rf.207922eb93d0133afef2a5f20cc76cc8.jpg,Enfermedad-Roya,1
/kaggle/input/datasets/julianmedinamonje45/coffevision-leaf-cls/Enfermedad-Roya/C11P7H2_jpg.rf.52659e45f54834d0013b9b495c9a2ef8.jpg,Enfermedad-Roya,1
/kaggle/input/datasets/julianmedinamonje45/coffevision-leaf-cls/Sanas/C11P19E1_jpg.rf.55458fd3cb54fbf879769fc4903f6217.jpg,Sanas,0
/kaggle/input/datasets/julianmedinamonje45/coffevision-leaf-cls/Enfermedad-Roya/1492_jpg.rf.e8ea687329703c2d8b6922840faa50e8.jpg,Enfermedad-Roya,1
/kaggle/input/datasets/julianmedinamonje45/coffevision-leaf-cls/Enfermedad-Roya/C11P7E2_jpg.rf.1a4f7863a174b810ee826cb460bf4f44.jpg,Enfermedad-Roya,1
/kaggle/input/datasets/julianmedinamonje45/coffevision-leaf-cls/Sanas/C2P6H1_jpg.rf.19aa40c09ad854d4beb7806df8771506.jpg,Sanas,0
/kaggle/input/datasets/julianmedinamonje45/coffevision-leaf-cls/Enfermedad-Roya/1616_jpg.rf.1cff609aa251cd04236565e2701012ad.jpg,Enfermedad-Roya,1
/kaggle/input/datasets/julianmedinamonje45/coffevision-leaf-cls/Enfermedad-Roya/887_jpg.rf.64421f7a7ad82812df70d86d86cc0c41.jpg,Enfermedad-Roya,1
/kaggle/input/datasets/julianmedinamonje45/coffevision-leaf-cls/Enfermedad-Roya/name23_jpg.rf.0fd759f36311f0fcece5ec9e4c65fa5e.jpg,Enfermedad-Roya,1
/kaggle/input/datasets/julianmedinamonje45/coffevision-leaf-cls/Enfermedad-Roya/C10P20H2_jpg.rf.26d3f141c168a16b39864db871d51c3d.jpg,Enfermedad-Roya,1
/kaggle/input/datasets/julianmedinamonje45/coffevision-leaf-cls/Enfermedad-Roya/name294_jpg.rf.14b147a42696e90ddc9883e61b9e825e.jpg,Enfermedad-Roya,1
/kaggle/input/datasets/julianmedinamonje45/coffevision-leaf-cls/Enfermedad-Roya/C8P16E1_jpg.rf.d9db0b30c9277727feb8295e396b77ec.jpg,Enfermedad-Roya,1
/kaggle/input/datasets/julianmedinamonje45/coffevision-leaf-cls/Sanas/C12P17E1_jpg.rf.61e6e2ba53c5ec1556ffd7130290a654.jpg,Sanas,0
/kaggle/input/datasets/julianmedinamonje45/coffevision-leaf-cls/Sanas/1224_jpg.rf.e1e2fe27847d1afe43737bb410a35b5b.jpg,Sanas,0
/kaggle/input/datasets/julianmedinamonje45/coffevision-leaf-cls/Enfermedad-Roya/name226_jpg.rf.74554b0450fda8c79931206dc3a181d9.jpg,Enfermedad-Roya,1
/kaggle/input/datasets/julianmedinamonje45/coffevision-leaf-cls/Enfermedad-Roya/1533_jpg.rf.d8f906ee71e55d313b022c72264964b0.jpg,Enfermedad-Roya,1
/kaggle/input/datasets/julianmedinamonje45/coffevision-leaf-cls/Enfermedad-Roya/C11P11E2_jpg.rf.da6b06f04d551409ee3cb18e3e45db74.jpg,Enfermedad-Roya,1
/kaggle/input/datasets/julianmedinamonje45/coffevision-leaf-cls/Sanas/1366_jpg.rf.b1a74ce0ad68df6c2ae4e1b4997aa72c.jpg,Sanas,0
/kaggle/input/datasets/julianmedinamonje45/coffevision-leaf-cls/Sanas/1238_jpg.rf.8562abda899cb746490286f42989e3b4.jpg,Sanas,0
/kaggle/input/datasets/julianmedinamonje45/coffevision-leaf-cls/Sanas/C10P33H2_jpg.rf.da552e7521920ecc0b753e0d70872c89.jpg,Sanas,0
/kaggle/input/datasets/julianmedinamonje45/coffevision-leaf-cls/Enfermedad-Roya/C9P19E1_jpg.rf.724c66174bc32f430b2c6b36a0ba04af.jpg,Enfermedad-Roya,1
/kaggle/input/datasets/julianmedinamonje45/coffevision-leaf-cls/Enfermedad-Roya/name257_jpg.rf.67bb5156a231e1961510909937d7fae8.jpg,Enfermedad-Roya,1
/kaggle/input/datasets/julianmedinamonje45/coffevision-leaf-cls/Enfermedad-Roya/C3P25H2_jpg.rf.1d714ff6541146a3f925e604e96024ff.jpg,Enfermedad-Roya,1
/kaggle/input/datasets/julianmedinamonje45/coffevision-leaf-cls/Enfermedad-Roya/1654_jpg.rf.4df4455bdae46bef31cf6b594ff07e2b.jpg,Enfermedad-Roya,1
/kaggle/input/datasets/julianmedinamonje45/coffevision-leaf-cls/Enfermedad-Roya/735_jpg.rf.0467cd6bb28a627debbc957dc2f1b6be.jpg,Enfermedad-Roya,1
/kaggle/input/datasets/julianmedinamonje45/coffevision-leaf-cls/Sanas/1168_jpg.rf.b3d1553f6a84674614a282680cced87a.jpg,Sanas,0
/kaggle/input/datasets/julianmedinamonje45/coffevision-leaf-cls/Enfermedad-Roya/C2P18H2_jpg.rf.633307fb21f57ef641154c581bff7346.jpg,Enfermedad-Roya,1
/kaggle/input/datasets/julianmedinamonje45/coffevision-leaf-cls/Sanas/C5P8H1_jpg.rf.2db65ac785ad22ae02f4590f0ee2a519.jpg,Sanas,0
/kaggle/input/datasets/julianmedinamonje45/coffevision-leaf-cls/Sanas/C7P33E2_jpg.rf.d1556ebeb76ce42c451acc9e99ebd047.jpg,Sanas,0
/kaggle/input/datasets/julianmedinamonje45/coffevision-leaf-cls/Sanas/C3P22E1_jpg.rf.4b4e862c8dbb337b4b57b4aa609bd402.jpg,Sanas,0
/kaggle/input/datasets/julianmedinamonje45/coffevision-leaf-cls/Sanas/C1P9E1_jpg.rf.3506cf6962880313dcb3aa15263c5b86.jpg,Sanas,0
/kaggle/input/datasets/julianmedinamonje45/coffevision-leaf-cls/Enfermedad-Roya/C5P9H2_jpg.rf.c4cf6ae898479a7a492ea035f8494b9f.jpg,Enfermedad-Roya,1
/kaggle/input/datasets/julianmedinamonje45/coffevision-leaf-cls/Sanas/C1P33H1_jpg.rf.04bd7ac1a204d125c581b1e66da7068c.jpg,Sanas,0
/kaggle/input/datasets/julianmedinamonje45/coffevision-leaf-cls/Enfermedad-Roya/C1P9E2_jpg.rf.5e5a1dac02118b0f1569387a143970e7.jpg,Enfermedad-Roya,1
/kaggle/input/datasets/julianmedinamonje45/coffevision-leaf-cls/Sanas/693_jpg.rf.26000fc5073789ad8464e24357a2033a.jpg,Sanas,0
/kaggle/input/datasets/julianmedinamonje45/coffevision-leaf-cls/Enfermedad-Roya/name239_jpg.rf.4accc6ad7e1062e2fb78c8e8b853b92f.jpg,Enfermedad-Roya,1
/kaggle/input/datasets/julianmedinamonje45/coffevision-leaf-cls/Enfermedad-Roya/C4P4E2_jpg.rf.b9c2412b4a1bbd94d343da8fda54b475.jpg,Enfermedad-Roya,1
/kaggle/input/datasets/julianmedinamonje45/coffevision-leaf-cls/Sanas/C8P31E2_jpg.rf.3e2029d98469fb5670f78ca24ba62bbd.jpg,Sanas,0
/kaggle/input/datasets/julianmedinamonje45/coffevision-leaf-cls/Sanas/767_jpg.rf.b1eec0323c7f72e93723868f9ea6efe9.jpg,Sanas,0
/kaggle/input/datasets/julianmedinamonje45/coffevision-leaf-cls/Enfermedad-Roya/C8P11E2_jpg.rf.a2a1714d0e5898fc8861c11413a1cdcd.jpg,Enfermedad-Roya,1
/kaggle/input/datasets/julianmedinamonje45/coffevision-leaf-cls/Enfermedad-Roya/C8P37H2_jpg.rf.38277e971c870d6f80124de448dd6867.jpg,Enfermedad-Roya,1
/kaggle/input/datasets/julianmedinamonje45/coffevision-leaf-cls/Enfermedad-Roya/C6P31H1_jpg.rf.3c2473595b7d69eb865a26696235f07a.jpg,Enfermedad-Roya,1
/kaggle/input/datasets/julianmedinamonje45/coffevision-leaf-cls/Sanas/C10P40E1_jpg.rf.7ef68a065474ca86230369cf6ec171fa.jpg,Sanas,0
/kaggle/input/datasets/julianmedinamonje45/coffevision-leaf-cls/Enfermedad-Roya/C9P25H1_jpg.rf.ad1e54a45340d11a87c8bed1b183ffff.jpg,Enfermedad-Roya,1
/kaggle/input/datasets/julianmedinamonje45/coffevision-leaf-cls/Enfermedad-Roya/168_jpg.rf.d3805dbea35666221d73a145b97e9053.jpg,Enfermedad-Roya,1
/kaggle/input/datasets/julianmedinamonje45/coffevision-leaf-cls/Enfermedad-Roya/C10P2E1_jpg.rf.f1c473459d764839f3f37aaabd916ec7.jpg,Enfermedad-Roya,1
/kaggle/input/datasets/julianmedinamonje45/coffevision-leaf-cls/Sanas/1658_jpg.rf.33c0525648e4f8938ccf6634478d3de0.jpg,Sanas,0
/kaggle/input/datasets/julianmedinamonje45/coffevision-leaf-cls/Enfermedad-Roya/name151_jpg.rf.0d4e1fa2b968f267d4c9b0d50874ee9c.jpg,Enfermedad-Roya,1
/kaggle/input/datasets/julianmedinamonje45/coffevision-leaf-cls/Sanas/C3P38E1_jpg.rf.f4e935365a8e0604ac5b83f3e78e869e.jpg,Sanas,0
/kaggle/input/datasets/julianmedinamonje45/coffevision-leaf-cls/Enfermedad-Roya/1615_jpg.rf.4042685e4535ef70c8b063f5400c3b1d.jpg,Enfermedad-Roya,1
/kaggle/input/datasets/julianmedinamonje45/coffevision-leaf-cls/Enfermedad-Roya/C7P5H1_jpg.rf.296903ba3dd41b855a5ec69f49e24491.jpg,Enfermedad-Roya,1
/kaggle/input/datasets/julianmedinamonje45/coffevision-leaf-cls/Sanas/1048_jpg.rf.c11013886ff11ccb0015c2200eb6706b.jpg,Sanas,0
/kaggle/input/datasets/julianmedinamonje45/coffevision-leaf-cls/Enfermedad-Roya/name185_jpg.rf.974c1638364c85f3112f799674a0422d.jpg,Enfermedad-Roya,1
/kaggle/input/datasets/julianmedinamonje45/coffevision-leaf-cls/Sanas/C7P23E1_jpg.rf.8c4b252b1e0ef39517e6150fea1152cc.jpg,Sanas,0
/kaggle/input/datasets/julianmedinamonje45/coffevision-leaf-cls/Enfermedad-Roya/C9P7H1_jpg.rf.3017bb137d52eb00a310eea5dc356090.jpg,Enfermedad-Roya,1
/kaggle/input/datasets/julianmedinamonje45/coffevision-leaf-cls/Enfermedad-Roya/name152_jpg.rf.e66959f9b8a6dd72c1f75e47bd5f1fbf.jpg,Enfermedad-Roya,1
/kaggle/input/datasets/julianmedinamonje45/coffevision-leaf-cls/Enfermedad-Roya/1475_jpg.rf.60ceae8d13b5ed5625d0941534a43211.jpg,Enfermedad-Roya,1
/kaggle/input/datasets/julianmedinamonje45/coffevision-leaf-cls/Enfermedad-Roya/1506_jpg.rf.2ae6dd6af3679fc0c3c5721b8dd4642f.jpg,Enfermedad-Roya,1
/kaggle/input/datasets/julianmedinamonje45/coffevision-leaf-cls/Enfermedad-Roya/C5P4E2_jpg.rf.2f2c7f8f8678e70c17bcb1539608da82.jpg,Enfermedad-Roya,1
/kaggle/input/datasets/julianmedinamonje45/coffevision-leaf-cls/Enfermedad-Roya/1523_jpg.rf.812c19619b062154dc70195a6d8525e3.jpg,Enfermedad-Roya,1
/kaggle/input/datasets/julianmedinamonje45/coffevision-leaf-cls/Sanas/C5P24H1_jpg.rf.c83060f8e83e75a3bddb00df80e2fab5.jpg,Sanas,0
/kaggle/input/datasets/julianmedinamonje45/coffevision-leaf-cls/Sanas/C12P2E1_jpg.rf.15f8396d2f7c24064ba19bd79b170517.jpg,Sanas,0
/kaggle/input/datasets/julianmedinamonje45/coffevision-leaf-cls/Enfermedad-Roya/C6P14H2_jpg.rf.a5b8ec1c18949da8e20ac9acbe8a338e.jpg,Enfermedad-Roya,1
/kaggle/input/datasets/julianmedinamonje45/coffevision-leaf-cls/Sanas/C1P19H1_jpg.rf.657c5eee21b63dd8ffa9139007a795cd.jpg,Sanas,0
/kaggle/input/datasets/julianmedinamonje45/coffevision-leaf-cls/Enfermedad-Roya/name111_jpg.rf.dd4652e8ef12f28f74c2996bb0ad0c28.jpg,Enfermedad-Roya,1
/kaggle/input/datasets/julianmedinamonje45/coffevision-leaf-cls/Sanas/C11P24E1_jpg.rf.7c3d4c74178514570f29f2350ea198c8.jpg,Sanas,0
/kaggle/input/datasets/julianmedinamonje45/coffevision-leaf-cls/Enfermedad-Roya/C7P24E2_jpg.rf.a305be3797f656107fa9bc1a22701e9f.jpg,Enfermedad-Roya,1
/kaggle/input/datasets/julianmedinamonje45/coffevision-leaf-cls/Sanas/699_jpg.rf.c0933a6161711ea7c2ab596ccdb53b54.jpg,Sanas,0
/kaggle/input/datasets/julianmedinamonje45/coffevision-leaf-cls/Enfermedad-Roya/1473_jpg.rf.8a99f69045d19a4cdc5cf3d6588ed37d.jpg,Enfermedad-Roya,1
/kaggle/input/datasets/julianmedinamonje45/coffevision-leaf-cls/Enfermedad-Roya/1454_jpg.rf.3c401d25714b477cb8d97024cfacceb5.jpg,Enfermedad-Roya,1
/kaggle/input/datasets/julianmedinamonje45/coffevision-leaf-cls/Enfermedad-Roya/C3P15E2_jpg.rf.38945a20895637b62109322f4426c04d.jpg,Enfermedad-Roya,1
/kaggle/input/datasets/julianmedinamonje45/coffevision-leaf-cls/Sanas/C9P26H2_jpg.rf.aca84db8559a27798df65d4fe9a417fa.jpg,Sanas,0
/kaggle/input/datasets/julianmedinamonje45/coffevision-leaf-cls/Sanas/C9P10E2_jpg.rf.d5206a3259e3973c5e4ad851f38a3735.jpg,Sanas,0
/kaggle/input/datasets/julianmedinamonje45/coffevision-leaf-cls/Enfermedad-Roya/1529_jpg.rf.31b14ba41299bc2779819ad2b4ff7b0b.jpg,Enfermedad-Roya,1
/kaggle/input/datasets/julianmedinamonje45/coffevision-leaf-cls/Enfermedad-Roya/C1P35E2_jpg.rf.a13d4831294d8f3a3461877dd02fba25.jpg,Enfermedad-Roya,1
/kaggle/input/datasets/julianmedinamonje45/coffevision-leaf-cls/Enfermedad-Roya/name274_jpg.rf.2a5f4d96a009c3dee5d3f7c65cd5d2cc.jpg,Enfermedad-Roya,1
/kaggle/input/datasets/julianmedinamonje45/coffevision-leaf-cls/Enfermedad-Roya/name90_jpg.rf.d59bd35c8f95f819416b12a5cba6267d.jpg,Enfermedad-Roya,1
/kaggle/input/datasets/julianmedinamonje45/coffevision-leaf-cls/Enfermedad-Roya/C4P18E2_jpg.rf.c3aa5fcabe046416fe5d9f51f3b2cad4.jpg,Enfermedad-Roya,1
/kaggle/input/datasets/julianmedinamonje45/coffevision-leaf-cls/Sanas/726_jpg.rf.1f637a1d474a3ddc3b5a23590e6d66c8.jpg,Sanas,0
/kaggle/input/datasets/julianmedinamonje45/coffevision-leaf-cls/Sanas/C8P29E1_jpg.rf.9f134c703b15c96cbf5cd59f1cc5bddf.jpg,Sanas,0
/kaggle/input/datasets/julianmedinamonje45/coffevision-leaf-cls/Enfermedad-Roya/C3P24H2_jpg.rf.10f509a2ad2d60283bd02a60afa6614d.jpg,Enfermedad-Roya,1
/kaggle/input/datasets/julianmedinamonje45/coffevision-leaf-cls/Sanas/C2P23E1_jpg.rf.5bed20e9f5baa98590d94ec7ec1e1750.jpg,Sanas,0
/kaggle/input/datasets/julianmedinamonje45/coffevision-leaf-cls/Enfermedad-Roya/C10P34E2_jpg.rf.41429900898bd108076f207195830195.jpg,Enfermedad-Roya,1
/kaggle/input/datasets/julianmedinamonje45/coffevision-leaf-cls/Enfermedad-Roya/C6P25H1_jpg.rf.b22338bf0e91aa10e880a959eee0ff2b.jpg,Enfermedad-Roya,1
/kaggle/input/datasets/julianmedinamonje45/coffevision-leaf-cls/Sanas/C7P15E2_jpg.rf.a644623654b1b9d05c6fdb6eea42f3c0.jpg,Sanas,0
/kaggle/input/datasets/julianmedinamonje45/coffevision-leaf-cls/Sanas/1116_jpg.rf.ddf7fa045815eed99b5e95a859e569dd.jpg,Sanas,0
/kaggle/input/datasets/julianmedinamonje45/coffevision-leaf-cls/Sanas/C5P22H1_jpg.rf.8fc3516f3795740a694218f2bd2510c0.jpg,Sanas,0
/kaggle/input/datasets/julianmedinamonje45/coffevision-leaf-cls/Enfermedad-Roya/name59_jpg.rf.17768b47943d4f453db4b0f7bb928482.jpg,Enfermedad-Roya,1
/kaggle/input/datasets/julianmedinamonje45/coffevision-leaf-cls/Enfermedad-Roya/C11P31H2_jpg.rf.059934d4040143c96247022f81806dd7.jpg,Enfermedad-Roya,1
/kaggle/input/datasets/julianmedinamonje45/coffevision-leaf-cls/Sanas/833_jpg.rf.1ef7d1255fa1e78f573f3d46d25a0691.jpg,Sanas,0
/kaggle/input/datasets/julianmedinamonje45/coffevision-leaf-cls/Enfermedad-Roya/1662_jpg.rf.6cf0ef7444ee0264b1fcc85cab8b99a6.jpg,Enfermedad-Roya,1
/kaggle/input/datasets/julianmedinamonje45/coffevision-leaf-cls/Sanas/C4P37E1_jpg.rf.1a186300c1e5027d10232b4379c5c314.jpg,Sanas,0
/kaggle/input/datasets/julianmedinamonje45/coffevision-leaf-cls/Enfermedad-Roya/C9P31E1_jpg.rf.09bfe8f20ddf9e1693bfe03f8daeee13.jpg,Enfermedad-Roya,1
/kaggle/input/datasets/julianmedinamonje45/coffevision-leaf-cls/Sanas/C8P11E1_jpg.rf.92b4053fd0be00c060c96b6f0f6f8dc5.jpg,Sanas,0
/kaggle/input/datasets/julianmedinamonje45/coffevision-leaf-cls/Enfermedad-Roya/name110_jpg.rf.d5a039b2e5cc5a4a75f467e299ebf511.jpg,Enfermedad-Roya,1
/kaggle/input/datasets/julianmedinamonje45/coffevision-leaf-cls/Enfermedad-Roya/name220_jpg.rf.181c0aa77a9cd07cb24acfd8d790844d.jpg,Enfermedad-Roya,1
/kaggle/input/datasets/julianmedinamonje45/coffevision-leaf-cls/Sanas/C11P20E1_jpg.rf.11c71b71be867df5b8acb0f6d9ac45f1.jpg,Sanas,0
/kaggle/input/datasets/julianmedinamonje45/coffevision-leaf-cls/Sanas/C11P18E1_jpg.rf.e03ac38ff16cb3c524cee5b6bf78b4d7.jpg,Sanas,0
/kaggle/input/datasets/julianmedinamonje45/coffevision-leaf-cls/Enfermedad-Roya/name3_jpg.rf.e49b3540717c2e3a143227dde10f4c7c.jpg,Enfermedad-Roya,1
/kaggle/input/datasets/julianmedinamonje45/coffevision-leaf-cls/Enfermedad-Roya/C2P3E2_jpg.rf.7ae51e228be542291ffea7b1a2e497cb.jpg,Enfermedad-Roya,1
/kaggle/input/datasets/julianmedinamonje45/coffevision-leaf-cls/Enfermedad-Roya/C1P13E2_jpg.rf.a6f8b63fc9dece72d25b150cb48b2d1e.jpg,Enfermedad-Roya,1
/kaggle/input/datasets/julianmedinamonje45/coffevision-leaf-cls/Sanas/C2P9H1_jpg.rf.08a984ed2262be2e730fd36f451a252b.jpg,Sanas,0
/kaggle/input/datasets/julianmedinamonje45/coffevision-leaf-cls/Enfermedad-Roya/C2P3H2_jpg.rf.c3f602a3108d67584d8ff0d67dd98b9d.jpg,Enfermedad-Roya,1
/kaggle/input/datasets/julianmedinamonje45/coffevision-leaf-cls/Sanas/C1P25E1_jpg.rf.bb99b041647c8a9fe7cf8fdf3ff846f0.jpg,Sanas,0
/kaggle/input/datasets/julianmedinamonje45/coffevision-leaf-cls/Enfermedad-Roya/C5P8H2_jpg.rf.28e3c6d16b6eb5438cb9bce3f9c45ec8.jpg,Enfermedad-Roya,1
/kaggle/input/datasets/julianmedinamonje45/coffevision-leaf-cls/Sanas/C4P13H1_jpg.rf.ce6df71f707ffe21fa062982658e54eb.jpg,Sanas,0
/kaggle/input/datasets/julianmedinamonje45/coffevision-leaf-cls/Enfermedad-Roya/name203_jpg.rf.1e993062f0dfe2cf6dd21e97a9c6a431.jpg,Enfermedad-Roya,1
/kaggle/input/datasets/julianmedinamonje45/coffevision-leaf-cls/Enfermedad-Roya/name234_jpg.rf.4bfdb546ae40da0247eb28c19bb34cc3.jpg,Enfermedad-Roya,1
/kaggle/input/datasets/julianmedinamonje45/coffevision-leaf-cls/Sanas/1298_jpg.rf.fe0dbfa961839e301661758f3e75cde1.jpg,Sanas,0
/kaggle/input/datasets/julianmedinamonje45/coffevision-leaf-cls/Sanas/1297_jpg.rf.7c13bf490861a8b382288dab0de9c53d.jpg,Sanas,0
/kaggle/input/datasets/julianmedinamonje45/coffevision-leaf-cls/Enfermedad-Roya/name37_jpg.rf.e49024904f9478eaba26b0fca2f949f9.jpg,Enfermedad-Roya,1
/kaggle/input/datasets/julianmedinamonje45/coffevision-leaf-cls/Sanas/C8P28H1_jpg.rf.52e48d1a65c8ca159f60ec26c1072230.jpg,Sanas,0
/kaggle/input/datasets/julianmedinamonje45/coffevision-leaf-cls/Enfermedad-Roya/name11_jpg.rf.1dfd9100d27c766d46218f77fd2199f6.jpg,Enfermedad-Roya,1
/kaggle/input/datasets/julianmedinamonje45/coffevision-leaf-cls/Enfermedad-Roya/1442_jpg.rf.63129b9b24bd5d55a562f5f0c1a81829.jpg,Enfermedad-Roya,1
/kaggle/input/datasets/julianmedinamonje45/coffevision-leaf-cls/Sanas/1012_jpg.rf.414a283617d0b761235908e554a629f3.jpg,Sanas,0
/kaggle/input/datasets/julianmedinamonje45/coffevision-leaf-cls/Sanas/C5P1E1_jpg.rf.c311cc8a76df4823fd84d1d95f333d08.jpg,Sanas,0
/kaggle/input/datasets/julianmedinamonje45/coffevision-leaf-cls/Sanas/C3P15H1_jpg.rf.05542e99289109ce5b1d1edb5dfb1ccf.jpg,Sanas,0
/kaggle/input/datasets/julianmedinamonje45/coffevision-leaf-cls/Enfermedad-Roya/C1P1E2_jpg.rf.c2410e7b6f1ca66174f0a9530f61b7a0.jpg,Enfermedad-Roya,1
/kaggle/input/datasets/julianmedinamonje45/coffevision-leaf-cls/Enfermedad-Roya/C8P6H2_jpg.rf.78560e0742adc4ef0c42277cfe64da56.jpg,Enfermedad-Roya,1
/kaggle/input/datasets/julianmedinamonje45/coffevision-leaf-cls/Enfermedad-Roya/name291_jpg.rf.dfd16365167ade8a9a5c6e712b69620c.jpg,Enfermedad-Roya,1
/kaggle/input/datasets/julianmedinamonje45/coffevision-leaf-cls/Enfermedad-Roya/name68_jpg.rf.5221550fc71a234b0a76fc51a977ab7d.jpg,Enfermedad-Roya,1
/kaggle/input/datasets/julianmedinamonje45/coffevision-leaf-cls/Sanas/C11P36H1_jpg.rf.bd6e54336c2f1c04ad9a92088621606f.jpg,Sanas,0
/kaggle/input/datasets/julianmedinamonje45/coffevision-leaf-cls/Sanas/C1P18H1_jpg.rf.96af1cb507249278e0e3f33b1cf6ab22.jpg,Sanas,0
/kaggle/input/datasets/julianmedinamonje45/coffevision-leaf-cls/Enfermedad-Roya/name150_jpg.rf.67b490df9f764b1c9443b78921a0028d.jpg,Enfermedad-Roya,1
/kaggle/input/datasets/julianmedinamonje45/coffevision-leaf-cls/Sanas/C3P13E1_jpg.rf.bf268d9434b64155c685b45295c28915.jpg,Sanas,0
/kaggle/input/datasets/julianmedinamonje45/coffevision-leaf-cls/Enfermedad-Roya/C9P8E1_jpg.rf.5772cfc5a276aae8a89c57506c9361f5.jpg,Enfermedad-Roya,1
/kaggle/input/datasets/julianmedinamonje45/coffevision-leaf-cls/Sanas/C1P3H1_jpg.rf.26cf28756bb17c5cc4f177514beec660.jpg,Sanas,0
/kaggle/input/datasets/julianmedinamonje45/coffevision-leaf-cls/Enfermedad-Roya/C12P23E2_jpg.rf.e75f930b9880faaae86e14028e401262.jpg,Enfermedad-Roya,1
/kaggle/input/datasets/julianmedinamonje45/coffevision-leaf-cls/Sanas/C2P22E1_jpg.rf.64c8a1645df6a0bb0dc388fb62b58cb2.jpg,Sanas,0
/kaggle/input/datasets/julianmedinamonje45/coffevision-leaf-cls/Sanas/1428_jpg.rf.23ce9257d86e4d490b97a4b4d7c0f3b6.jpg,Sanas,0
/kaggle/input/datasets/julianmedinamonje45/coffevision-leaf-cls/Enfermedad-Roya/1612_jpg.rf.31640e2ea51ead4c21300aea28e78e2d.jpg,Enfermedad-Roya,1
/kaggle/input/datasets/julianmedinamonje45/coffevision-leaf-cls/Sanas/C10P40H1_jpg.rf.a34900a6d20411d189af88e79b5fb39b.jpg,Sanas,0
/kaggle/input/datasets/julianmedinamonje45/coffevision-leaf-cls/Sanas/1170_jpg.rf.87651240f7530c1fae8dcbae062e0416.jpg,Sanas,0
/kaggle/input/datasets/julianmedinamonje45/coffevision-leaf-cls/Sanas/C1P34E1_jpg.rf.79c5f9c5cd02109de5b75701bcca893c.jpg,Sanas,0
/kaggle/input/datasets/julianmedinamonje45/coffevision-leaf-cls/Enfermedad-Roya/C8P38H1_jpg.rf.701506ad72ad954c2f682d74d3c1c4b4.jpg,Enfermedad-Roya,1
/kaggle/input/datasets/julianmedinamonje45/coffevision-leaf-cls/Enfermedad-Roya/name306_jpg.rf.3625073205dbd796fdaba7a2d2a60ce9.jpg,Enfermedad-Roya,1
/kaggle/input/datasets/julianmedinamonje45/coffevision-leaf-cls/Sanas/C5P5H1_jpg.rf.02a15c04603eef4e595b6676a3f8e5ae.jpg,Sanas,0
/kaggle/input/datasets/julianmedinamonje45/coffevision-leaf-cls/Enfermedad-Roya/name174_jpg.rf.c7df67432b97a28b058731a49a5c29e0.jpg,Enfermedad-Roya,1
/kaggle/input/datasets/julianmedinamonje45/coffevision-leaf-cls/Enfermedad-Roya/name25_jpg.rf.9f826e4cd27aa2c9119e5d578c0e33c2.jpg,Enfermedad-Roya,1
/kaggle/input/datasets/julianmedinamonje45/coffevision-leaf-cls/Sanas/1145_jpg.rf.72581ad8eef28518aa5ac0889a406a25.jpg,Sanas,0
/kaggle/input/datasets/julianmedinamonje45/coffevision-leaf-cls/Sanas/C2P8E1_jpg.rf.7ec2d5d2cc8b9931277c2fdef6715aa2.jpg,Sanas,0
/kaggle/input/datasets/julianmedinamonje45/coffevision-leaf-cls/Enfermedad-Roya/C11P23H2_jpg.rf.d7b870871f099f029dc84c14da699af4.jpg,Enfermedad-Roya,1
/kaggle/input/datasets/julianmedinamonje45/coffevision-leaf-cls/Enfermedad-Roya/1486_jpg.rf.8c797510fd255338c3244c3100266351.jpg,Enfermedad-Roya,1
/kaggle/input/datasets/julianmedinamonje45/coffevision-leaf-cls/Sanas/1208_jpg.rf.69419dcc3ea785dada218129487f6aeb.jpg,Sanas,0
/kaggle/input/datasets/julianmedinamonje45/coffevision-leaf-cls/Sanas/C8P15H2_jpg.rf.ba495fc6125004f3e880d9bc7403ff8c.jpg,Sanas,0
/kaggle/input/datasets/julianmedinamonje45/coffevision-leaf-cls/Sanas/1184_jpg.rf.be2da83c3b9969de70be46eceeaf8b48.jpg,Sanas,0
/kaggle/input/datasets/julianmedinamonje45/coffevision-leaf-cls/Sanas/1371_jpg.rf.9ffb22bbb75e70f971624b69fce915ed.jpg,Sanas,0
/kaggle/input/datasets/julianmedinamonje45/coffevision-leaf-cls/Enfermedad-Roya/C11P18E2_jpg.rf.a7534560c121b6d1ea082fa7009d3fb1.jpg,Enfermedad-Roya,1
/kaggle/input/datasets/julianmedinamonje45/coffevision-leaf-cls/Enfermedad-Roya/C1P24E2_jpg.rf.9dc5e1e2c5911828ffde049fb850c088.jpg,Enfermedad-Roya,1
/kaggle/input/datasets/julianmedinamonje45/coffevision-leaf-cls/Sanas/C12P14E1_jpg.rf.b8bfb8c0df74e515f96fc916ac618b0a.jpg,Sanas,0
/kaggle/input/datasets/julianmedinamonje45/coffevision-leaf-cls/Sanas/C1P17E1_jpg.rf.4bffb5b295d8a5e36b2f36be3c5c955b.jpg,Sanas,0
/kaggle/input/datasets/julianmedinamonje45/coffevision-leaf-cls/Sanas/C11P18H1_jpg.rf.774fbe214b30eb678f9c9bf9aab39dda.jpg,Sanas,0
/kaggle/input/datasets/julianmedinamonje45/coffevision-leaf-cls/Sanas/1144_jpg.rf.6c39b47c96f4ee295f44de88fd70172d.jpg,Sanas,0
/kaggle/input/datasets/julianmedinamonje45/coffevision-leaf-cls/Enfermedad-Roya/C2P33E2_jpg.rf.088dd78354acc914a7056e912d1d571e.jpg,Enfermedad-Roya,1
/kaggle/input/datasets/julianmedinamonje45/coffevision-leaf-cls/Sanas/C7P13H2_jpg.rf.80067344fe5069a64561cea47487f943.jpg,Sanas,0
/kaggle/input/datasets/julianmedinamonje45/coffevision-leaf-cls/Enfermedad-Roya/C8P39E2_jpg.rf.36b29fc234002476dac4bb38605285c5.jpg,Enfermedad-Roya,1
/kaggle/input/datasets/julianmedinamonje45/coffevision-leaf-cls/Enfermedad-Roya/1605_jpg.rf.822f91d0c7294c706dec06ca03737155.jpg,Enfermedad-Roya,1
/kaggle/input/datasets/julianmedinamonje45/coffevision-leaf-cls/Enfermedad-Roya/1042_jpg.rf.1d75320c08fb60bd4a58f1d5fc8c88da.jpg,Enfermedad-Roya,1
/kaggle/input/datasets/julianmedinamonje45/coffevision-leaf-cls/Sanas/C3P8H1_jpg.rf.862d9c0107333953d6d8ca666b7bdb52.jpg,Sanas,0
/kaggle/input/datasets/julianmedinamonje45/coffevision-leaf-cls/Enfermedad-Roya/C7P28H2_jpg.rf.b60c49747a5aaa556fa2c10a34d42242.jpg,Enfermedad-Roya,1
/kaggle/input/datasets/julianmedinamonje45/coffevision-leaf-cls/Enfermedad-Roya/770_jpg.rf.d7791a92455812afe2fa94afe3c4626c.jpg,Enfermedad-Roya,1
/kaggle/input/datasets/julianmedinamonje45/coffevision-leaf-cls/Sanas/C10P2E2_jpg.rf.75cc2d664007abc6b322d7a3ddfa57c9.jpg,Sanas,0
/kaggle/input/datasets/julianmedinamonje45/coffevision-leaf-cls/Sanas/C3P37E1_jpg.rf.94adcc91f5246666520a9342d484a34c.jpg,Sanas,0
/kaggle/input/datasets/julianmedinamonje45/coffevision-leaf-cls/Sanas/C9P36H2_jpg.rf.be7dff8557c1d36b83f219c5dd947173.jpg,Sanas,0
/kaggle/input/datasets/julianmedinamonje45/coffevision-leaf-cls/Enfermedad-Roya/name53_jpg.rf.3c26b1b876392a5a7b0b46be4a553971.jpg,Enfermedad-Roya,1
/kaggle/input/datasets/julianmedinamonje45/coffevision-leaf-cls/Enfermedad-Roya/C8P22H1_jpg.rf.906e5e1de0a9487aceaac230b40dbb05.jpg,Enfermedad-Roya,1
/kaggle/input/datasets/julianmedinamonje45/coffevision-leaf-cls/Enfermedad-Roya/1623_jpg.rf.f8661038d2c240db131c8abfb3966a79.jpg,Enfermedad-Roya,1
/kaggle/input/datasets/julianmedinamonje45/coffevision-leaf-cls/Enfermedad-Roya/1568_jpg.rf.0f467c11fa50f9b200c896d292811cc4.jpg,Enfermedad-Roya,1
/kaggle/input/datasets/julianmedinamonje45/coffevision-leaf-cls/Sanas/C11P23H1_jpg.rf.69cd252a8df52867ff16e6a2f04233c4.jpg,Sanas,0
/kaggle/input/datasets/julianmedinamonje45/coffevision-leaf-cls/Enfermedad-Roya/C1P23E2_jpg.rf.37ca88645f772c4019a8c279d798677d.jpg,Enfermedad-Roya,1
/kaggle/input/datasets/julianmedinamonje45/coffevision-leaf-cls/Sanas/C4P11E1_jpg.rf.f67fcfb3f22e38125d99923cc15db765.jpg,Sanas,0
/kaggle/input/datasets/julianmedinamonje45/coffevision-leaf-cls/Sanas/1231_jpg.rf.041d6b508d8ea268e9085637e54c39b3.jpg,Sanas,0
/kaggle/input/datasets/julianmedinamonje45/coffevision-leaf-cls/Enfermedad-Roya/1478_jpg.rf.a1486760286119e14cba57324f7ee3f0.jpg,Enfermedad-Roya,1
/kaggle/input/datasets/julianmedinamonje45/coffevision-leaf-cls/Sanas/C9P10H2_jpg.rf.4d6dc31cfb734b31a394ca7b830844e8.jpg,Sanas,0
/kaggle/input/datasets/julianmedinamonje45/coffevision-leaf-cls/Sanas/777_jpg.rf.95e681c4506dc4ae5eb00b36f1244a40.jpg,Sanas,0
/kaggle/input/datasets/julianmedinamonje45/coffevision-leaf-cls/Sanas/740_jpg.rf.996b1caccf7e528dc132c55434af479f.jpg,Sanas,0
/kaggle/input/datasets/julianmedinamonje45/coffevision-leaf-cls/Enfermedad-Roya/name244_jpg.rf.cd1819b558c50489879fc8bdf20b284f.jpg,Enfermedad-Roya,1
/kaggle/input/datasets/julianmedinamonje45/coffevision-leaf-cls/Enfermedad-Roya/C3P37H1_jpg.rf.620164e314e6228b58adbf2dc985de99.jpg,Enfermedad-Roya,1
/kaggle/input/datasets/julianmedinamonje45/coffevision-leaf-cls/Enfermedad-Roya/C4P5H2_jpg.rf.21aab327c788bc08dd2da884b4e30e18.jpg,Enfermedad-Roya,1
/kaggle/input/datasets/julianmedinamonje45/coffevision-leaf-cls/Sanas/C2P33E1_jpg.rf.b7367fcbcbf22fdf99da2947101f525e.jpg,Sanas,0
/kaggle/input/datasets/julianmedinamonje45/coffevision-leaf-cls/Enfermedad-Roya/name233_jpg.rf.8cd7c97d593adb693e230ab62b61a7f4.jpg,Enfermedad-Roya,1
/kaggle/input/datasets/julianmedinamonje45/coffevision-leaf-cls/Enfermedad-Roya/C9P31H1_jpg.rf.61f197e8fab87d07167585fdcf5ae118.jpg,Enfermedad-Roya,1
/kaggle/input/datasets/julianmedinamonje45/coffevision-leaf-cls/Sanas/C7P31E1_jpg.rf.dee147d3f0c502f0a23bcc6e397474f2.jpg,Sanas,0
/kaggle/input/datasets/julianmedinamonje45/coffevision-leaf-cls/Sanas/C8P3H2_jpg.rf.baa54300c93a4efef7325365ccb5b253.jpg,Sanas,0
/kaggle/input/datasets/julianmedinamonje45/coffevision-leaf-cls/Enfermedad-Roya/1565_jpg.rf.f1446ef63653cdeb15ccfc9d9051acc7.jpg,Enfermedad-Roya,1
/kaggle/input/datasets/julianmedinamonje45/coffevision-leaf-cls/Sanas/1317_jpg.rf.d7d2aa8f10c566c77129ba027dea92ff.jpg,Sanas,0
/kaggle/input/datasets/julianmedinamonje45/coffevision-leaf-cls/Enfermedad-Roya/C12P8E2_jpg.rf.cccdc3b69616569603074a936891bce5.jpg,Enfermedad-Roya,1
/kaggle/input/datasets/julianmedinamonje45/coffevision-leaf-cls/Sanas/C1P14H1_jpg.rf.2fedfcb240c64e79b5b9119c821cc41a.jpg,Sanas,0
/kaggle/input/datasets/julianmedinamonje45/coffevision-leaf-cls/Enfermedad-Roya/name79_jpg.rf.c8c5fc6634d3757d79c9f44c5da787cc.jpg,Enfermedad-Roya,1
/kaggle/input/datasets/julianmedinamonje45/coffevision-leaf-cls/Sanas/1212_jpg.rf.5387403bdbb6f6439c4b74e3756b85d4.jpg,Sanas,0
/kaggle/input/datasets/julianmedinamonje45/coffevision-leaf-cls/Sanas/933_jpg.rf.6f3951d7abb5771cbeb768e427b25814.jpg,Sanas,0
/kaggle/input/datasets/julianmedinamonje45/coffevision-leaf-cls/Sanas/C5P29H1_jpg.rf.45877edcee7168b8a60f0b6c57d6cf1a.jpg,Sanas,0
/kaggle/input/datasets/julianmedinamonje45/coffevision-leaf-cls/Enfermedad-Roya/1559_jpg.rf.0536c4f769e0c8afbc94ad3f8dab8032.jpg,Enfermedad-Roya,1
/kaggle/input/datasets/julianmedinamonje45/coffevision-leaf-cls/Enfermedad-Roya/C12P11H2_jpg.rf.c9f0a45467a4fa9609da58be5c816317.jpg,Enfermedad-Roya,1
/kaggle/input/datasets/julianmedinamonje45/coffevision-leaf-cls/Sanas/C7P8H2_jpg.rf.81e0268e8169f9aa95374447a8411eca.jpg,Sanas,0
/kaggle/input/datasets/julianmedinamonje45/coffevision-leaf-cls/Sanas/868_jpg.rf.e6dda3e221f898376c4a49a422b35d26.jpg,Sanas,0
/kaggle/input/datasets/julianmedinamonje45/coffevision-leaf-cls/Sanas/1217_jpg.rf.73aa03a4acfed1857babfb1f65bd8053.jpg,Sanas,0
/kaggle/input/datasets/julianmedinamonje45/coffevision-leaf-cls/Enfermedad-Roya/C6P3H2_jpg.rf.08d8821579d6a614500425b461d85778.jpg,Enfermedad-Roya,1
/kaggle/input/datasets/julianmedinamonje45/coffevision-leaf-cls/Enfermedad-Roya/C5P21E2_jpg.rf.cafa17d34f1c53cb76e4647c7c042104.jpg,Enfermedad-Roya,1
/kaggle/input/datasets/julianmedinamonje45/coffevision-leaf-cls/Sanas/C5P30H2_jpg.rf.ae47a1ea3f3faa83ee11df4310b06536.jpg,Sanas,0
/kaggle/input/datasets/julianmedinamonje45/coffevision-leaf-cls/Sanas/C10P35E1_jpg.rf.c8a04e19b79380ccc04c95a7a2137504.jpg,Sanas,0
/kaggle/input/datasets/julianmedinamonje45/coffevision-leaf-cls/Enfermedad-Roya/1603_jpg.rf.178ac432bf0c3da2f05e82b4a7635953.jpg,Enfermedad-Roya,1
/kaggle/input/datasets/julianmedinamonje45/coffevision-leaf-cls/Enfermedad-Roya/C3P15H2_jpg.rf.df69dfefbfaf1e4e4c78cde582330a5f.jpg,Enfermedad-Roya,1
/kaggle/input/datasets/julianmedinamonje45/coffevision-leaf-cls/Sanas/C6P22H1_jpg.rf.dd82d0d42f1e6ed31149e3ed665e2e41.jpg,Sanas,0
/kaggle/input/datasets/julianmedinamonje45/coffevision-leaf-cls/Sanas/C12P8E1_jpg.rf.e11b6776fd1ab5f8327d4c8108eda636.jpg,Sanas,0
/kaggle/input/datasets/julianmedinamonje45/coffevision-leaf-cls/Sanas/C7P39E1_jpg.rf.1242287797a8a8d7cd0251087c4edbb3.jpg,Sanas,0
/kaggle/input/datasets/julianmedinamonje45/coffevision-leaf-cls/Sanas/742_jpg.rf.408375242813f96b929419608886e989.jpg,Sanas,0
/kaggle/input/datasets/julianmedinamonje45/coffevision-leaf-cls/Sanas/1368_jpg.rf.fec4c3679472c18eba5fb6e9a40b3446.jpg,Sanas,0
/kaggle/input/datasets/julianmedinamonje45/coffevision-leaf-cls/Enfermedad-Roya/name193_jpg.rf.e113aa96471341f0e39aa43109cc94a3.jpg,Enfermedad-Roya,1
/kaggle/input/datasets/julianmedinamonje45/coffevision-leaf-cls/Enfermedad-Roya/C9P28H1_jpg.rf.5cb573e588a4df95782a62e3041a8f90.jpg,Enfermedad-Roya,1
/kaggle/input/datasets/julianmedinamonje45/coffevision-leaf-cls/Sanas/C1P11H1_jpg.rf.0ada2842a7d9fa6510011830069a1676.jpg,Sanas,0
/kaggle/input/datasets/julianmedinamonje45/coffevision-leaf-cls/Sanas/C11P24H1_jpg.rf.f01d3b8016bf97d5f1e019b03c232fff.jpg,Sanas,0
/kaggle/input/datasets/julianmedinamonje45/coffevision-leaf-cls/Sanas/C8P12H1_jpg.rf.4d6108263f56caa026c3a8a25c00ad2c.jpg,Sanas,0
/kaggle/input/datasets/julianmedinamonje45/coffevision-leaf-cls/Enfermedad-Roya/C7P12E2_jpg.rf.befec795bad20d7324c389189f49e32c.jpg,Enfermedad-Roya,1
/kaggle/input/datasets/julianmedinamonje45/coffevision-leaf-cls/Enfermedad-Roya/C7P8E1_jpg.rf.e33ac4e28dfa5aaafbc81fa4d7a33144.jpg,Enfermedad-Roya,1
/kaggle/input/datasets/julianmedinamonje45/coffevision-leaf-cls/Sanas/212_jpg.rf.2f498d224d42e78a84f79a381519e970.jpg,Sanas,0
/kaggle/input/datasets/julianmedinamonje45/coffevision-leaf-cls/Sanas/C10P9H1_jpg.rf.dee529ca07763b275b1d9331a3fa5b51.jpg,Sanas,0
/kaggle/input/datasets/julianmedinamonje45/coffevision-leaf-cls/Enfermedad-Roya/181_jpg.rf.9bf09bcc1c319d089db967fb02a81310.jpg,Enfermedad-Roya,1
/kaggle/input/datasets/julianmedinamonje45/coffevision-leaf-cls/Sanas/C5P10E2_jpg.rf.a3ddf2a620c44dc7b73f9f9360dd6c0e.jpg,Sanas,0
/kaggle/input/datasets/julianmedinamonje45/coffevision-leaf-cls/Enfermedad-Roya/name73_jpg.rf.beac1f2cb6aeb3fa3cb68fd9dc9cde0a.jpg,Enfermedad-Roya,1
/kaggle/input/datasets/julianmedinamonje45/coffevision-leaf-cls/Enfermedad-Roya/1650_jpg.rf.7a2396166bc6a5b4555ea9186239d1e8.jpg,Enfermedad-Roya,1
/kaggle/input/datasets/julianmedinamonje45/coffevision-leaf-cls/Sanas/C10P15E1_jpg.rf.1e3ea244785c5fd8224b4d21baaef98e.jpg,Sanas,0
/kaggle/input/datasets/julianmedinamonje45/coffevision-leaf-cls/Enfermedad-Roya/name80_jpg.rf.23bc714f33bc80e19c260c0235f0af83.jpg,Enfermedad-Roya,1
/kaggle/input/datasets/julianmedinamonje45/coffevision-leaf-cls/Sanas/825_jpg.rf.048c05742539e913ed07bb36131f190b.jpg,Sanas,0
/kaggle/input/datasets/julianmedinamonje45/coffevision-leaf-cls/Enfermedad-Roya/C4P24E2_jpg.rf.dbd7b41611ba34838885d9ad55778b85.jpg,Enfermedad-Roya,1
/kaggle/input/datasets/julianmedinamonje45/coffevision-leaf-cls/Sanas/723_jpg.rf.b83a65f123cfdd84a54686d51d6c4d24.jpg,Sanas,0
/kaggle/input/datasets/julianmedinamonje45/coffevision-leaf-cls/Enfermedad-Roya/1510_jpg.rf.bbe881837a5328104debbaa971a96d21.jpg,Enfermedad-Roya,1
/kaggle/input/datasets/julianmedinamonje45/coffevision-leaf-cls/Enfermedad-Roya/902_jpg.rf.6dc732289510505d80a162d502666c75.jpg,Enfermedad-Roya,1
/kaggle/input/datasets/julianmedinamonje45/coffevision-leaf-cls/Sanas/1203_jpg.rf.a22429cb6577fafc322c23c613d2f1b5.jpg,Sanas,0
/kaggle/input/datasets/julianmedinamonje45/coffevision-leaf-cls/Sanas/C9P36E2_jpg.rf.83ed5e1cde3570123bf9ee9b4990acd5.jpg,Sanas,0
/kaggle/input/datasets/julianmedinamonje45/coffevision-leaf-cls/Sanas/C11P21E1_jpg.rf.57e3548151c404b0e1a663fbdcde2db9.jpg,Sanas,0
/kaggle/input/datasets/julianmedinamonje45/coffevision-leaf-cls/Sanas/C2P1E2_jpg.rf.3692540f114db5c7b2dfbbaee0239cb8.jpg,Sanas,0
/kaggle/input/datasets/julianmedinamonje45/coffevision-leaf-cls/Sanas/924_jpg.rf.521e414bcd2154af6554beb71183c415.jpg,Sanas,0
/kaggle/input/datasets/julianmedinamonje45/coffevision-leaf-cls/Sanas/C4P28H1_jpg.rf.a62a70f63d59d286fc62b41b471718c9.jpg,Sanas,0
/kaggle/input/datasets/julianmedinamonje45/coffevision-leaf-cls/Sanas/C12P4H1_jpg.rf.cbced361dea0e8723d14f66518afc55f.jpg,Sanas,0
/kaggle/input/datasets/julianmedinamonje45/coffevision-leaf-cls/Sanas/C2P25E1_jpg.rf.5335bd8f717953a28293444842be9a48.jpg,Sanas,0
/kaggle/input/datasets/julianmedinamonje45/coffevision-leaf-cls/Enfermedad-Roya/1590_jpg.rf.00333bdf1b3a10a6f5ed56b0192076c2.jpg,Enfermedad-Roya,1
/kaggle/input/datasets/julianmedinamonje45/coffevision-leaf-cls/Sanas/C12P13H1_jpg.rf.afb593f3917b8b16307fd39775ec2cf5.jpg,Sanas,0
/kaggle/input/datasets/julianmedinamonje45/coffevision-leaf-cls/Sanas/1326_jpg.rf.6e8e6f1a80ca7163320d27d8ff32a55c.jpg,Sanas,0
/kaggle/input/datasets/julianmedinamonje45/coffevision-leaf-cls/Sanas/1005_jpg.rf.004ece988e5b810c4dc3c06460ad0390.jpg,Sanas,0
/kaggle/input/datasets/julianmedinamonje45/coffevision-leaf-cls/Sanas/C4P22E1_jpg.rf.0099b01ad7f2991448a35d884604b60e.jpg,Sanas,0
/kaggle/input/datasets/julianmedinamonje45/coffevision-leaf-cls/Enfermedad-Roya/C6P20E2_jpg.rf.904455e78d947d8ea629e6640beebcee.jpg,Enfermedad-Roya,1
/kaggle/input/datasets/julianmedinamonje45/coffevision-leaf-cls/Enfermedad-Roya/651_jpg.rf.6e71336b9c5fedf15db44af05bdffeae.jpg,Enfermedad-Roya,1
/kaggle/input/datasets/julianmedinamonje45/coffevision-leaf-cls/Enfermedad-Roya/713_jpg.rf.e5b3ff0f39dfd856598646b773a39dae.jpg,Enfermedad-Roya,1
/kaggle/input/datasets/julianmedinamonje45/coffevision-leaf-cls/Enfermedad-Roya/1551_jpg.rf.55956a95f237faa14244377f9c957f80.jpg,Enfermedad-Roya,1
/kaggle/input/datasets/julianmedinamonje45/coffevision-leaf-cls/Sanas/C1P4E1_jpg.rf.72f8c7d4148205d58700357038162f8c.jpg,Sanas,0
/kaggle/input/datasets/julianmedinamonje45/coffevision-leaf-cls/Enfermedad-Roya/1530_jpg.rf.07ff4a88ccb190e07118c5948f4e9d3a.jpg,Enfermedad-Roya,1
/kaggle/input/datasets/julianmedinamonje45/coffevision-leaf-cls/Enfermedad-Roya/C9P22H1_jpg.rf.013a066b6195266371e13a363830e8c2.jpg,Enfermedad-Roya,1
/kaggle/input/datasets/julianmedinamonje45/coffevision-leaf-cls/Sanas/C9P19E2_jpg.rf.3c0db974fb064e1708bf93488857290a.jpg,Sanas,0
/kaggle/input/datasets/julianmedinamonje45/coffevision-leaf-cls/Enfermedad-Roya/C7P10E2_jpg.rf.a46d0c1648910f592f50e9612057ddec.jpg,Enfermedad-Roya,1
/kaggle/input/datasets/julianmedinamonje45/coffevision-leaf-cls/Enfermedad-Roya/C8P17H2_jpg.rf.d0bf4ac0f8e63122c9c063680c9e04fc.jpg,Enfermedad-Roya,1
/kaggle/input/datasets/julianmedinamonje45/coffevision-leaf-cls/Sanas/C1P28H1_jpg.rf.215561c7cf5aa44426d2bbe1058faf46.jpg,Sanas,0
/kaggle/input/datasets/julianmedinamonje45/coffevision-leaf-cls/Enfermedad-Roya/164_jpg.rf.a76201b63d56df1b67cc28b1874adbbd.jpg,Enfermedad-Roya,1
/kaggle/input/datasets/julianmedinamonje45/coffevision-leaf-cls/Enfermedad-Roya/name270_jpg.rf.212c8fd1366503125fa5d9cd4a40dd03.jpg,Enfermedad-Roya,1
/kaggle/input/datasets/julianmedinamonje45/coffevision-leaf-cls/Enfermedad-Roya/141_jpg.rf.b9aa9484eb2d1448e4f9959434a3eb72.jpg,Enfermedad-Roya,1
/kaggle/input/datasets/julianmedinamonje45/coffevision-leaf-cls/Enfermedad-Roya/1457_jpg.rf.1de595d2979c93b368fc10a6931f9b50.jpg,Enfermedad-Roya,1
/kaggle/input/datasets/julianmedinamonje45/coffevision-leaf-cls/Enfermedad-Roya/1375_jpg.rf.7f3a370e725a6b19eb4e01ce0336ce64.jpg,Enfermedad-Roya,1
/kaggle/input/datasets/julianmedinamonje45/coffevision-leaf-cls/Enfermedad-Roya/name41_jpg.rf.e072ec03f48d1c4cd880e86d9742684e.jpg,Enfermedad-Roya,1
/kaggle/input/datasets/julianmedinamonje45/coffevision-leaf-cls/Enfermedad-Roya/132_jpg.rf.603aff383b770afafef67162b3225b0f.jpg,Enfermedad-Roya,1
/kaggle/input/datasets/julianmedinamonje45/coffevision-leaf-cls/Enfermedad-Roya/name322_jpg.rf.a8b5a02800824a8baaa76421a9304a41.jpg,Enfermedad-Roya,1
/kaggle/input/datasets/julianmedinamonje45/coffevision-leaf-cls/Sanas/1413_jpg.rf.cc79eb1efa6c3a7ec50e94f90c176df9.jpg,Sanas,0
/kaggle/input/datasets/julianmedinamonje45/coffevision-leaf-cls/Sanas/C11P9E1_jpg.rf.901b02034b7141f03e4f55dce661c383.jpg,Sanas,0
/kaggle/input/datasets/julianmedinamonje45/coffevision-leaf-cls/Enfermedad-Roya/name321_jpg.rf.1ce189fe9bffe41349911014af5bc5b1.jpg,Enfermedad-Roya,1
/kaggle/input/datasets/julianmedinamonje45/coffevision-leaf-cls/Enfermedad-Roya/C4P38E2_jpg.rf.f9d531a1336faa1ac8d81ffd4b44393b.jpg,Enfermedad-Roya,1
/kaggle/input/datasets/julianmedinamonje45/coffevision-leaf-cls/Enfermedad-Roya/170_jpg.rf.c485d3964a882f8eb9b7066e03979863.jpg,Enfermedad-Roya,1
/kaggle/input/datasets/julianmedinamonje45/coffevision-leaf-cls/Sanas/C9P34E2_jpg.rf.7b230605f68450b8894a9faf69454f1c.jpg,Sanas,0
/kaggle/input/datasets/julianmedinamonje45/coffevision-leaf-cls/Enfermedad-Roya/151_jpg.rf.b360337d8057868dedc0f3e9a73b6775.jpg,Enfermedad-Roya,1
/kaggle/input/datasets/julianmedinamonje45/coffevision-leaf-cls/Enfermedad-Roya/1539_jpg.rf.0493b2e9cfc1a177050e8ee6bfdb79f8.jpg,Enfermedad-Roya,1
/kaggle/input/datasets/julianmedinamonje45/coffevision-leaf-cls/Sanas/1125_jpg.rf.82d644a13c6f3d7c8650d0cc47e8b637.jpg,Sanas,0
/kaggle/input/datasets/julianmedinamonje45/coffevision-leaf-cls/Sanas/688_jpg.rf.682493abc6016ef107f7dc4f1b620b43.jpg,Sanas,0
/kaggle/input/datasets/julianmedinamonje45/coffevision-leaf-cls/Sanas/C2P35E1_jpg.rf.bd942a68188bdd9fc06472dbb039ba19.jpg,Sanas,0
/kaggle/input/datasets/julianmedinamonje45/coffevision-leaf-cls/Enfermedad-Roya/name124_jpg.rf.6df41948442d984c6a853759281b1b62.jpg,Enfermedad-Roya,1
/kaggle/input/datasets/julianmedinamonje45/coffevision-leaf-cls/Sanas/794_jpg.rf.f9b197819e58adebdee0f3f6dc3bbff0.jpg,Sanas,0
/kaggle/input/datasets/julianmedinamonje45/coffevision-leaf-cls/Enfermedad-Roya/C9P27E1_jpg.rf.aa852ce46de404c6952cd3e17fcd844c.jpg,Enfermedad-Roya,1
/kaggle/input/datasets/julianmedinamonje45/coffevision-leaf-cls/Enfermedad-Roya/1614_jpg.rf.7f83df565fba801f9d612657d44ea866.jpg,Enfermedad-Roya,1
/kaggle/input/datasets/julianmedinamonje45/coffevision-leaf-cls/Sanas/C5P18H1_jpg.rf.3b6c06550f61032efe1316b10752dd6a.jpg,Sanas,0
/kaggle/input/datasets/julianmedinamonje45/coffevision-leaf-cls/Enfermedad-Roya/157_jpg.rf.e2a8bc9b58ea56008cb0984085d9b35e.jpg,Enfermedad-Roya,1
/kaggle/input/datasets/julianmedinamonje45/coffevision-leaf-cls/Sanas/C7P3E2_jpg.rf.3f4414818d5cad3beb24505c817adfc7.jpg,Sanas,0
/kaggle/input/datasets/julianmedinamonje45/coffevision-leaf-cls/Enfermedad-Roya/name286_jpg.rf.2dec81689b40fbe5076294140276ebc1.jpg,Enfermedad-Roya,1
/kaggle/input/datasets/julianmedinamonje45/coffevision-leaf-cls/Enfermedad-Roya/1466_jpg.rf.039339c1dcb5369ca881e1d49b5d8ba9.jpg,Enfermedad-Roya,1
/kaggle/input/datasets/julianmedinamonje45/coffevision-leaf-cls/Enfermedad-Roya/C5P19H2_jpg.rf.8c1a6283ed756ab64ab281ebc3d5932e.jpg,Enfermedad-Roya,1
/kaggle/input/datasets/julianmedinamonje45/coffevision-leaf-cls/Enfermedad-Roya/name66_jpg.rf.b4395c6f977fce861e714e7dbf0f88a5.jpg,Enfermedad-Roya,1
/kaggle/input/datasets/julianmedinamonje45/coffevision-leaf-cls/Sanas/C11P30H1_jpg.rf.f90c207cf9d569c38a009b9dcae238ed.jpg,Sanas,0
/kaggle/input/datasets/julianmedinamonje45/coffevision-leaf-cls/Sanas/C5P13H1_jpg.rf.5c7ad3c7d338e3b22452c67824576700.jpg,Sanas,0
/kaggle/input/datasets/julianmedinamonje45/coffevision-leaf-cls/Enfermedad-Roya/name75_jpg.rf.abd6f76fff3bd1ff2dcc6a0aa9e8eb5c.jpg,Enfermedad-Roya,1
/kaggle/input/datasets/julianmedinamonje45/coffevision-leaf-cls/Enfermedad-Roya/C11P21H2_jpg.rf.1507fb91723c338b4090d890fb376152.jpg,Enfermedad-Roya,1
/kaggle/input/datasets/julianmedinamonje45/coffevision-leaf-cls/Enfermedad-Roya/1596_jpg.rf.feb0f0312a163bef9907c1886bc88892.jpg,Enfermedad-Roya,1
/kaggle/input/datasets/julianmedinamonje45/coffevision-leaf-cls/Enfermedad-Roya/138_jpg.rf.6e0ae5d90bd954eddbf5985dd23e5ed6.jpg,Enfermedad-Roya,1
/kaggle/input/datasets/julianmedinamonje45/coffevision-leaf-cls/Sanas/C3P13H1_jpg.rf.a2a560cd14b60ac09921a6fc57b54818.jpg,Sanas,0
/kaggle/input/datasets/julianmedinamonje45/coffevision-leaf-cls/Sanas/C3P2E1_jpg.rf.d75b1127190b29eed95541cb891b768d.jpg,Sanas,0
/kaggle/input/datasets/julianmedinamonje45/coffevision-leaf-cls/Enfermedad-Roya/name303_jpg.rf.a0d539cfd2b6bab101ed1a6966dd094b.jpg,Enfermedad-Roya,1
/kaggle/input/datasets/julianmedinamonje45/coffevision-leaf-cls/Enfermedad-Roya/name183_jpg.rf.e5ec069037401c1ac48f72184aee4ac8.jpg,Enfermedad-Roya,1
/kaggle/input/datasets/julianmedinamonje45/coffevision-leaf-cls/Enfermedad-Roya/C4P40H2_jpg.rf.082cf15e43012925df1f8e7cbc4062d1.jpg,Enfermedad-Roya,1
/kaggle/input/datasets/julianmedinamonje45/coffevision-leaf-cls/Enfermedad-Roya/C11P34H2_jpg.rf.bd42ba3b5cfef4e65616bb74fee5d300.jpg,Enfermedad-Roya,1
/kaggle/input/datasets/julianmedinamonje45/coffevision-leaf-cls/Sanas/C7P11E2_jpg.rf.71fddd0575d7a3cedeca6d12ef57b43e.jpg,Sanas,0
/kaggle/input/datasets/julianmedinamonje45/coffevision-leaf-cls/Enfermedad-Roya/C10P39E2_jpg.rf.c66cb5348288d7d25c4b78cf7a03b1bd.jpg,Enfermedad-Roya,1
/kaggle/input/datasets/julianmedinamonje45/coffevision-leaf-cls/Sanas/1166_jpg.rf.645c95a54713df4f0b9a223769aa75df.jpg,Sanas,0
/kaggle/input/datasets/julianmedinamonje45/coffevision-leaf-cls/Sanas/C11P2E1_jpg.rf.cc14f25a3329344c1d8599c0b72778e8.jpg,Sanas,0
/kaggle/input/datasets/julianmedinamonje45/coffevision-leaf-cls/Sanas/C1P39E1_jpg.rf.b14d6feb046d8813e17a0019d03a3b53.jpg,Sanas,0
/kaggle/input/datasets/julianmedinamonje45/coffevision-leaf-cls/Enfermedad-Roya/C7P40H2_jpg.rf.d2a3e642afe940622a42864662ea5401.jpg,Enfermedad-Roya,1
/kaggle/input/datasets/julianmedinamonje45/coffevision-leaf-cls/Sanas/1239_jpg.rf.f1f68c0faf10f7cdddd5f68e80c005e6.jpg,Sanas,0
/kaggle/input/datasets/julianmedinamonje45/coffevision-leaf-cls/Sanas/834_jpg.rf.341d55ef737161a6b2b964a86087660f.jpg,Sanas,0
/kaggle/input/datasets/julianmedinamonje45/coffevision-leaf-cls/Sanas/C11P10E1_jpg.rf.d01cd8f4aabb60b7167dc743977e16bc.jpg,Sanas,0
/kaggle/input/datasets/julianmedinamonje45/coffevision-leaf-cls/Enfermedad-Roya/name199_jpg.rf.5e0479a5d9e4ed5a9b79b660e50fc666.jpg,Enfermedad-Roya,1
/kaggle/input/datasets/julianmedinamonje45/coffevision-leaf-cls/Sanas/C10P24E1_jpg.rf.e8e372f549e051e6435ae12c05b6bfce.jpg,Sanas,0
/kaggle/input/datasets/julianmedinamonje45/coffevision-leaf-cls/Enfermedad-Roya/C2P16E2_jpg.rf.124d8a831bc1cb87a05a05666e50ac12.jpg,Enfermedad-Roya,1
/kaggle/input/datasets/julianmedinamonje45/coffevision-leaf-cls/Enfermedad-Roya/C5P12E1_jpg.rf.f8b44fc28c7cc3f9833edf41472b7560.jpg,Enfermedad-Roya,1
/kaggle/input/datasets/julianmedinamonje45/coffevision-leaf-cls/Enfermedad-Roya/name63_jpg.rf.c0862e04ab97cf44d2a970d7e0e7155e.jpg,Enfermedad-Roya,1
/kaggle/input/datasets/julianmedinamonje45/coffevision-leaf-cls/Sanas/198_jpg.rf.cccd8104c3e53f39ec7bc36e8c2248b1.jpg,Sanas,0
/kaggle/input/datasets/julianmedinamonje45/coffevision-leaf-cls/Sanas/C5P19E1_jpg.rf.ec1774d1418009b7717107f265c0f4ce.jpg,Sanas,0
/kaggle/input/datasets/julianmedinamonje45/coffevision-leaf-cls/Enfermedad-Roya/C10P39H2_jpg.rf.b733e5e178201b96451f4b1de3e528e7.jpg,Enfermedad-Roya,1
/kaggle/input/datasets/julianmedinamonje45/coffevision-leaf-cls/Enfermedad-Roya/C3P32H2_jpg.rf.0e1b083005a3ad8800817fe666a08704.jpg,Enfermedad-Roya,1
/kaggle/input/datasets/julianmedinamonje45/coffevision-leaf-cls/Enfermedad-Roya/name158_jpg.rf.65469e84994aacf9d9fbb133536101ec.jpg,Enfermedad-Roya,1
/kaggle/input/datasets/julianmedinamonje45/coffevision-leaf-cls/Sanas/741_jpg.rf.bc25320bee17c4106625ccd34508be2e.jpg,Sanas,0
/kaggle/input/datasets/julianmedinamonje45/coffevision-leaf-cls/Enfermedad-Roya/C12P15H2_jpg.rf.81d423df816512cd4eee44ee2c25ad90.jpg,Enfermedad-Roya,1
/kaggle/input/datasets/julianmedinamonje45/coffevision-leaf-cls/Sanas/1243_jpg.rf.9010f753fb49b862b4aeea3c3d7aba29.jpg,Sanas,0
/kaggle/input/datasets/julianmedinamonje45/coffevision-leaf-cls/Enfermedad-Roya/name179_jpg.rf.3a9730021b300cb413f0f42268609eaa.jpg,Enfermedad-Roya,1
/kaggle/input/datasets/julianmedinamonje45/coffevision-leaf-cls/Sanas/749_jpg.rf.d308bd721e65fb8cc75d84f7da5b50dd.jpg,Sanas,0
/kaggle/input/datasets/julianmedinamonje45/coffevision-leaf-cls/Enfermedad-Roya/1452_jpg.rf.50f68ce6169637816cfd268c924d6f6b.jpg,Enfermedad-Roya,1
/kaggle/input/datasets/julianmedinamonje45/coffevision-leaf-cls/Enfermedad-Roya/C5P22E2_jpg.rf.59cf76de2740b2caa1a5387077c8acb3.jpg,Enfermedad-Roya,1
/kaggle/input/datasets/julianmedinamonje45/coffevision-leaf-cls/Enfermedad-Roya/name42_jpg.rf.78b11ab8066e434b46f60ebce6f20499.jpg,Enfermedad-Roya,1
/kaggle/input/datasets/julianmedinamonje45/coffevision-leaf-cls/Sanas/776_jpg.rf.8e00a025c75462cab88e387273b403ab.jpg,Sanas,0
/kaggle/input/datasets/julianmedinamonje45/coffevision-leaf-cls/Sanas/C12P1H1_jpg.rf.57d92a36f3939f86ab45ab6b885d6c5e.jpg,Sanas,0
/kaggle/input/datasets/julianmedinamonje45/coffevision-leaf-cls/Enfermedad-Roya/1441_jpg.rf.9ca94aabd875e4f40c03b601f062a260.jpg,Enfermedad-Roya,1
/kaggle/input/datasets/julianmedinamonje45/coffevision-leaf-cls/Sanas/C1P29H1_jpg.rf.245a96665b977045030ccdbd47516d11.jpg,Sanas,0
/kaggle/input/datasets/julianmedinamonje45/coffevision-leaf-cls/Sanas/C7P20H1_jpg.rf.dfbf03ef310a1b2b06ca3bbda6337799.jpg,Sanas,0
/kaggle/input/datasets/julianmedinamonje45/coffevision-leaf-cls/Sanas/9_jpg.rf.a200b81019501b817598a9a0fa44f652.jpg,Sanas,0
/kaggle/input/datasets/julianmedinamonje45/coffevision-leaf-cls/Enfermedad-Roya/1519_jpg.rf.ab288ef93b8fde2f017e9f68a38813c0.jpg,Enfermedad-Roya,1
/kaggle/input/datasets/julianmedinamonje45/coffevision-leaf-cls/Sanas/C11P8H1_jpg.rf.65e73d49887cc29d4f1d94228e678f9d.jpg,Sanas,0
/kaggle/input/datasets/julianmedinamonje45/coffevision-leaf-cls/Enfermedad-Roya/name281_jpg.rf.65b34da67d2a604b8fe49901b4bce0db.jpg,Enfermedad-Roya,1
/kaggle/input/datasets/julianmedinamonje45/coffevision-leaf-cls/Sanas/C4P26E1_jpg.rf.ad5acf1fd9c72809b1c3774dcfbb1377.jpg,Sanas,0
/kaggle/input/datasets/julianmedinamonje45/coffevision-leaf-cls/Enfermedad-Roya/C3P27E2_jpg.rf.8fccf957d763160cafc3a84467ae4ab6.jpg,Enfermedad-Roya,1
/kaggle/input/datasets/julianmedinamonje45/coffevision-leaf-cls/Sanas/1398_jpg.rf.b1cb819d2b1be299ea17a722d274d050.jpg,Sanas,0
/kaggle/input/datasets/julianmedinamonje45/coffevision-leaf-cls/Enfermedad-Roya/1535_jpg.rf.8055249b1aca9675ba37693f12520398.jpg,Enfermedad-Roya,1
/kaggle/input/datasets/julianmedinamonje45/coffevision-leaf-cls/Enfermedad-Roya/name107_jpg.rf.244e61d233969dde2016128cde66fac1.jpg,Enfermedad-Roya,1
/kaggle/input/datasets/julianmedinamonje45/coffevision-leaf-cls/Enfermedad-Roya/C11P5E2_jpg.rf.63143501e2e2fddfb9e28b25f5355450.jpg,Enfermedad-Roya,1
/kaggle/input/datasets/julianmedinamonje45/coffevision-leaf-cls/Enfermedad-Roya/C12P23H2_jpg.rf.46a97367862c959cc4e605ca7d013d0e.jpg,Enfermedad-Roya,1
/kaggle/input/datasets/julianmedinamonje45/coffevision-leaf-cls/Sanas/C1P1E1_jpg.rf.b46b07183f4a0211669a3104dcd04177.jpg,Sanas,0
/kaggle/input/datasets/julianmedinamonje45/coffevision-leaf-cls/Sanas/C2P9E1_jpg.rf.d3719845b5e027cf0e31e101a2a15c05.jpg,Sanas,0
/kaggle/input/datasets/julianmedinamonje45/coffevision-leaf-cls/Enfermedad-Roya/131_jpg.rf.04fd4496d533f82fe2cb0b04cfe95a1a.jpg,Enfermedad-Roya,1
/kaggle/input/datasets/julianmedinamonje45/coffevision-leaf-cls/Enfermedad-Roya/C8P6E2_jpg.rf.2f2dcd1e6d8864689bd9f88ff454015a.jpg,Enfermedad-Roya,1
/kaggle/input/datasets/julianmedinamonje45/coffevision-leaf-cls/Sanas/4_jpg.rf.6ba3909718c20327c2fea14becc1369e.jpg,Sanas,0
/kaggle/input/datasets/julianmedinamonje45/coffevision-leaf-cls/Sanas/C9P4H2_jpg.rf.a29fd8b3c2f8346189f55d3015100230.jpg,Sanas,0
/kaggle/input/datasets/julianmedinamonje45/coffevision-leaf-cls/Sanas/C5P19H1_jpg.rf.2d55b2e2e9d436ad4b1f1392648be0c2.jpg,Sanas,0
/kaggle/input/datasets/julianmedinamonje45/coffevision-leaf-cls/Enfermedad-Roya/name24_jpg.rf.5b80abcade241d6c9d19dac33aa653cf.jpg,Enfermedad-Roya,1
/kaggle/input/datasets/julianmedinamonje45/coffevision-leaf-cls/Sanas/C8P19E1_jpg.rf.1567b34791f414e7c0bb1bf4689d387a.jpg,Sanas,0
/kaggle/input/datasets/julianmedinamonje45/coffevision-leaf-cls/Sanas/C8P10H1_jpg.rf.fb94f0ca36b110570b3d8d5c06a1c96d.jpg,Sanas,0
/kaggle/input/datasets/julianmedinamonje45/coffevision-leaf-cls/Sanas/1061_jpg.rf.d83b3d945d49bfb17ce13c4ec8059687.jpg,Sanas,0
/kaggle/input/datasets/julianmedinamonje45/coffevision-leaf-cls/Enfermedad-Roya/name162_jpg.rf.f56b35f72aff7ebdc2193cf170433f10.jpg,Enfermedad-Roya,1
/kaggle/input/datasets/julianmedinamonje45/coffevision-leaf-cls/Enfermedad-Roya/C8P35E1_jpg.rf.cf73a04dbb62a0cafec349d49d3b4ebf.jpg,Enfermedad-Roya,1
/kaggle/input/datasets/julianmedinamonje45/coffevision-leaf-cls/Enfermedad-Roya/C1P7E2_jpg.rf.e2e8c2c963cc921c7c773f0093a7f22c.jpg,Enfermedad-Roya,1
/kaggle/input/datasets/julianmedinamonje45/coffevision-leaf-cls/Sanas/C4P20E1_jpg.rf.f442d39fa8ee33148b63fe8c886c1880.jpg,Sanas,0
/kaggle/input/datasets/julianmedinamonje45/coffevision-leaf-cls/Sanas/1178_jpg.rf.0b1541af91cab3fbb52a69a20e9e3afd.jpg,Sanas,0
/kaggle/input/datasets/julianmedinamonje45/coffevision-leaf-cls/Sanas/C5P40H1_jpg.rf.c0acffb4b9ae9b7627d2ff1e35d0007c.jpg,Sanas,0
/kaggle/input/datasets/julianmedinamonje45/coffevision-leaf-cls/Enfermedad-Roya/C1P30E1_jpg.rf.ed685045d376339fc71f79be499f270e.jpg,Enfermedad-Roya,1
/kaggle/input/datasets/julianmedinamonje45/coffevision-leaf-cls/Sanas/211_jpg.rf.cafc781fe6a6fc16108ef8bfc3e0f024.jpg,Sanas,0
/kaggle/input/datasets/julianmedinamonje45/coffevision-leaf-cls/Sanas/C4P9E1_jpg.rf.5c8ccd3a3fd6985c565b472147400796.jpg,Sanas,0
/kaggle/input/datasets/julianmedinamonje45/coffevision-leaf-cls/Enfermedad-Roya/C12P36E2_jpg.rf.965a5b27dec69fca33fb2b22d4f749e4.jpg,Enfermedad-Roya,1
/kaggle/input/datasets/julianmedinamonje45/coffevision-leaf-cls/Sanas/C3P8E1_jpg.rf.d1d0379bb502076d9428b912aace917b.jpg,Sanas,0
/kaggle/input/datasets/julianmedinamonje45/coffevision-leaf-cls/Enfermedad-Roya/1598_jpg.rf.0a2c6492035641219ae8a4c66d3363fc.jpg,Enfermedad-Roya,1
/kaggle/input/datasets/julianmedinamonje45/coffevision-leaf-cls/Enfermedad-Roya/C7P15H1_jpg.rf.67e1afc5c7e3c5639aca0ef30c399b92.jpg,Enfermedad-Roya,1
/kaggle/input/datasets/julianmedinamonje45/coffevision-leaf-cls/Enfermedad-Roya/1597_jpg.rf.d4ed4e6be3fdd8e705a32e57cac82f6a.jpg,Enfermedad-Roya,1
/kaggle/input/datasets/julianmedinamonje45/coffevision-leaf-cls/Sanas/1304_jpg.rf.a326bc50d77c1d32352466d08e76efa5.jpg,Sanas,0
/kaggle/input/datasets/julianmedinamonje45/coffevision-leaf-cls/Sanas/C2P8H1_jpg.rf.17b42aa0fa3fb3550e60232e264c7257.jpg,Sanas,0
/kaggle/input/datasets/julianmedinamonje45/coffevision-leaf-cls/Sanas/1198_jpg.rf.bb2f17d5b42633c55a9367a9793bb0b8.jpg,Sanas,0
/kaggle/input/datasets/julianmedinamonje45/coffevision-leaf-cls/Sanas/1404_jpg.rf.fbab47a094b6216224dac3b772162213.jpg,Sanas,0
/kaggle/input/datasets/julianmedinamonje45/coffevision-leaf-cls/Sanas/1388_jpg.rf.84ae16bec29591a078b05abff35a37a4.jpg,Sanas,0
/kaggle/input/datasets/julianmedinamonje45/coffevision-leaf-cls/Enfermedad-Roya/name127_jpg.rf.b6b66924f705ca70e3af77d669611ba3.jpg,Enfermedad-Roya,1
/kaggle/input/datasets/julianmedinamonje45/coffevision-leaf-cls/Enfermedad-Roya/name267_jpg.rf.96633f53f6a0eb8cc140a33839aa1c7c.jpg,Enfermedad-Roya,1
/kaggle/input/datasets/julianmedinamonje45/coffevision-leaf-cls/Enfermedad-Roya/C9P12E1_jpg.rf.f5f8ca250a612f338f1f7904f1a1bc9f.jpg,Enfermedad-Roya,1
/kaggle/input/datasets/julianmedinamonje45/coffevision-leaf-cls/Sanas/1306_jpg.rf.52f13d19f9c62b0024430d6dc9631b11.jpg,Sanas,0
/kaggle/input/datasets/julianmedinamonje45/coffevision-leaf-cls/Enfermedad-Roya/C7P5E1_jpg.rf.c8e38e5d0892039dfec87f469cc919a3.jpg,Enfermedad-Roya,1
/kaggle/input/datasets/julianmedinamonje45/coffevision-leaf-cls/Sanas/1076_jpg.rf.a2f98b159e65cac0c620c3de61aa3905.jpg,Sanas,0
/kaggle/input/datasets/julianmedinamonje45/coffevision-leaf-cls/Sanas/C11P37H1_jpg.rf.968348e563ed47e537c5ca783e2bf2f2.jpg,Sanas,0
/kaggle/input/datasets/julianmedinamonje45/coffevision-leaf-cls/Enfermedad-Roya/C5P10E1_jpg.rf.7e5d81f0af569b5cfb58dda8287fddf8.jpg,Enfermedad-Roya,1
/kaggle/input/datasets/julianmedinamonje45/coffevision-leaf-cls/Enfermedad-Roya/name116_jpg.rf.e4ca8aa1b48c077e95204f578e7f67b4.jpg,Enfermedad-Roya,1
/kaggle/input/datasets/julianmedinamonje45/coffevision-leaf-cls/Sanas/1319_jpg.rf.c4c11a41caf65bfc5cc9e6bb7b837b32.jpg,Sanas,0
/kaggle/input/datasets/julianmedinamonje45/coffevision-leaf-cls/Enfermedad-Roya/C11P12H2_jpg.rf.f0a25e0cb986b1fba00ddc651d125eb5.jpg,Enfermedad-Roya,1
/kaggle/input/datasets/julianmedinamonje45/coffevision-leaf-cls/Enfermedad-Roya/C7P29H2_jpg.rf.2e9186fd7f9c1eda195cc9bda0fb9e68.jpg,Enfermedad-Roya,1
/kaggle/input/datasets/julianmedinamonje45/coffevision-leaf-cls/Enfermedad-Roya/715_jpg.rf.6bb6d80413b7f230867e137eaf2f1788.jpg,Enfermedad-Roya,1
/kaggle/input/datasets/julianmedinamonje45/coffevision-leaf-cls/Sanas/C2P27E1_jpg.rf.8d5e8057eed773418faba053477c003f.jpg,Sanas,0
/kaggle/input/datasets/julianmedinamonje45/coffevision-leaf-cls/Enfermedad-Roya/C9P25E1_jpg.rf.f7e3dfa606616fab182a8162d5a9bd0c.jpg,Enfermedad-Roya,1
/kaggle/input/datasets/julianmedinamonje45/coffevision-leaf-cls/Sanas/C6P29E2_jpg.rf.e5550dd57e0d66dd3a5d5801173535b5.jpg,Sanas,0
/kaggle/input/datasets/julianmedinamonje45/coffevision-leaf-cls/Sanas/C9P14H2_jpg.rf.f0a27ff9f864a9235fa26ce8cdd32aff.jpg,Sanas,0
/kaggle/input/datasets/julianmedinamonje45/coffevision-leaf-cls/Enfermedad-Roya/1621_jpg.rf.8be272f38a8c3badac552fafe6d190ba.jpg,Enfermedad-Roya,1
/kaggle/input/datasets/julianmedinamonje45/coffevision-leaf-cls/Sanas/690_jpg.rf.28c83f26969d5b1bca2b346a74f50df6.jpg,Sanas,0
/kaggle/input/datasets/julianmedinamonje45/coffevision-leaf-cls/Enfermedad-Roya/name190_jpg.rf.6794e721e6e18ee744a588dc2e6956a1.jpg,Enfermedad-Roya,1
/kaggle/input/datasets/julianmedinamonje45/coffevision-leaf-cls/Sanas/905_jpg.rf.1f1e346460e5e771d18c8b14d42a69e5.jpg,Sanas,0
/kaggle/input/datasets/julianmedinamonje45/coffevision-leaf-cls/Enfermedad-Roya/name284_jpg.rf.01545de8317920077b56957af403449e.jpg,Enfermedad-Roya,1
/kaggle/input/datasets/julianmedinamonje45/coffevision-leaf-cls/Sanas/C4P40H1_jpg.rf.815cc336358b4e957ad78554dc475a04.jpg,Sanas,0
/kaggle/input/datasets/julianmedinamonje45/coffevision-leaf-cls/Enfermedad-Roya/1432_jpg.rf.98cbbf386f2ef15dcc03c7d6fd08f7f8.jpg,Enfermedad-Roya,1
/kaggle/input/datasets/julianmedinamonje45/coffevision-leaf-cls/Sanas/C1P3E1_jpg.rf.bda97747065a85ca03bab552509d45fa.jpg,Sanas,0
/kaggle/input/datasets/julianmedinamonje45/coffevision-leaf-cls/Enfermedad-Roya/1620_jpg.rf.07a27acae78cbeb6776ecff60edd6e25.jpg,Enfermedad-Roya,1
/kaggle/input/datasets/julianmedinamonje45/coffevision-leaf-cls/Enfermedad-Roya/name138_jpg.rf.758afccb1be983b4cad84b8091661b57.jpg,Enfermedad-Roya,1
/kaggle/input/datasets/julianmedinamonje45/coffevision-leaf-cls/Enfermedad-Roya/C6P6E2_jpg.rf.1382611b2a05f2204240ead497b0bcde.jpg,Enfermedad-Roya,1
/kaggle/input/datasets/julianmedinamonje45/coffevision-leaf-cls/Sanas/906_jpg.rf.d24885ad9bdcdaaa1e8bb5b5cf7b4fcb.jpg,Sanas,0
/kaggle/input/datasets/julianmedinamonje45/coffevision-leaf-cls/Enfermedad-Roya/C8P35H1_jpg.rf.ae7276d2b8c7aa2d9d10757bf06214ba.jpg,Enfermedad-Roya,1
/kaggle/input/datasets/julianmedinamonje45/coffevision-leaf-cls/Sanas/C12P6H1_jpg.rf.d100d1398c50d03cb4637ffdc91dc9ec.jpg,Sanas,0
/kaggle/input/datasets/julianmedinamonje45/coffevision-leaf-cls/Sanas/C8P10E2_jpg.rf.bb27b816626d02a16dea01ad3377eda3.jpg,Sanas,0
/kaggle/input/datasets/julianmedinamonje45/coffevision-leaf-cls/Enfermedad-Roya/name14_jpg.rf.f3a98f35feac141180809770c5dab425.jpg,Enfermedad-Roya,1
/kaggle/input/datasets/julianmedinamonje45/coffevision-leaf-cls/Enfermedad-Roya/C8P34H1_jpg.rf.5c3cfaa7c797f2450aeb8f0731431a2d.jpg,Enfermedad-Roya,1
/kaggle/input/datasets/julianmedinamonje45/coffevision-leaf-cls/Sanas/12_jpg.rf.6a0d41fa35d90b2aa3ed67865d106480.jpg,Sanas,0
/kaggle/input/datasets/julianmedinamonje45/coffevision-leaf-cls/Sanas/C4P2E1_jpg.rf.f93fcfeaaa9a205b975874cbbb058427.jpg,Sanas,0
/kaggle/input/datasets/julianmedinamonje45/coffevision-leaf-cls/Sanas/C6P32E2_jpg.rf.841689714c8e2f8491695674db011c42.jpg,Sanas,0
/kaggle/input/datasets/julianmedinamonje45/coffevision-leaf-cls/Sanas/C7P10H1_jpg.rf.54f3410773e994afd001c0f0cb0acb98.jpg,Sanas,0
/kaggle/input/datasets/julianmedinamonje45/coffevision-leaf-cls/Sanas/765_jpg.rf.7198fab162653de36d2f30896ca3b8a9.jpg,Sanas,0
/kaggle/input/datasets/julianmedinamonje45/coffevision-leaf-cls/Sanas/214_jpg.rf.d01d6f950fed0bd88df237947d6d436e.jpg,Sanas,0
/kaggle/input/datasets/julianmedinamonje45/coffevision-leaf-cls/Sanas/C5P26H1_jpg.rf.f09eea95a4ae7b008d00e8785be03902.jpg,Sanas,0
/kaggle/input/datasets/julianmedinamonje45/coffevision-leaf-cls/Sanas/C1P28E1_jpg.rf.5c9c84e99790f614ee9a4fa253e42f33.jpg,Sanas,0
/kaggle/input/datasets/julianmedinamonje45/coffevision-leaf-cls/Sanas/C3P14H1_jpg.rf.a89260f542f80cf17a054c0e832358f7.jpg,Sanas,0
/kaggle/input/datasets/julianmedinamonje45/coffevision-leaf-cls/Sanas/C3P24H1_jpg.rf.48fd3721d01f1b8857d9d1502de8d8b5.jpg,Sanas,0
/kaggle/input/datasets/julianmedinamonje45/coffevision-leaf-cls/Sanas/C10P3E2_jpg.rf.1a327b4dc8ad7aea4321cd66d0313b69.jpg,Sanas,0
/kaggle/input/datasets/julianmedinamonje45/coffevision-leaf-cls/Enfermedad-Roya/C9P17E1_jpg.rf.b700536e087df0debb4400b2160d9564.jpg,Enfermedad-Roya,1
/kaggle/input/datasets/julianmedinamonje45/coffevision-leaf-cls/Enfermedad-Roya/C8P3H1_jpg.rf.82e80f724a6ad5e234c73a9b812d3a97.jpg,Enfermedad-Roya,1
/kaggle/input/datasets/julianmedinamonje45/coffevision-leaf-cls/Sanas/918_jpg.rf.dd455121c05916ea1f77de0d8c3ee8a4.jpg,Sanas,0
/kaggle/input/datasets/julianmedinamonje45/coffevision-leaf-cls/Enfermedad-Roya/C1P12H2_jpg.rf.70e54b9ff4d9a2d5b74b3d4cba42c79e.jpg,Enfermedad-Roya,1
/kaggle/input/datasets/julianmedinamonje45/coffevision-leaf-cls/Enfermedad-Roya/C1P35H2_jpg.rf.b846c864ae5b214c5710c8c93494d9cb.jpg,Enfermedad-Roya,1
/kaggle/input/datasets/julianmedinamonje45/coffevision-leaf-cls/Enfermedad-Roya/1546_jpg.rf.7085e73579f632a79178abc91e3b3ed5.jpg,Enfermedad-Roya,1
/kaggle/input/datasets/julianmedinamonje45/coffevision-leaf-cls/Sanas/1318_jpg.rf.9e0bb8df9fecedf6849ed2da2c856deb.jpg,Sanas,0
/kaggle/input/datasets/julianmedinamonje45/coffevision-leaf-cls/Sanas/C2P15H1_jpg.rf.077a09788681722b3d7b663c1e8fabda.jpg,Sanas,0
/kaggle/input/datasets/julianmedinamonje45/coffevision-leaf-cls/Enfermedad-Roya/name192_jpg.rf.93a48dcf5190bf74b9061d3d9f5c7b8e.jpg,Enfermedad-Roya,1
/kaggle/input/datasets/julianmedinamonje45/coffevision-leaf-cls/Sanas/C7P30H2_jpg.rf.d3bcb72df24773c9ece2c5060cb0aadc.jpg,Sanas,0
/kaggle/input/datasets/julianmedinamonje45/coffevision-leaf-cls/Sanas/727_jpg.rf.824c644ba481102f2088bc46be759f30.jpg,Sanas,0
/kaggle/input/datasets/julianmedinamonje45/coffevision-leaf-cls/Sanas/C10P11H1_jpg.rf.7b7fe2dd2c6b043ea9fc2fe08d232194.jpg,Sanas,0
/kaggle/input/datasets/julianmedinamonje45/coffevision-leaf-cls/Enfermedad-Roya/C1P27E2_jpg.rf.e7d229aa2644b4f0eca7660b12eaee04.jpg,Enfermedad-Roya,1
/kaggle/input/datasets/julianmedinamonje45/coffevision-leaf-cls/Enfermedad-Roya/1544_jpg.rf.d612378d50c93e07f10ddc9d328e0baa.jpg,Enfermedad-Roya,1
/kaggle/input/datasets/julianmedinamonje45/coffevision-leaf-cls/Enfermedad-Roya/1471_jpg.rf.a6ec77a8265308fb7cdb983a227c12ca.jpg,Enfermedad-Roya,1
/kaggle/input/datasets/julianmedinamonje45/coffevision-leaf-cls/Sanas/C7P34H2_jpg.rf.bf059d0d813648d7d9b371fe70672b56.jpg,Sanas,0
/kaggle/input/datasets/julianmedinamonje45/coffevision-leaf-cls/Sanas/1237_jpg.rf.d9aeeae996f337fcbc89b4991e3104c1.jpg,Sanas,0
/kaggle/input/datasets/julianmedinamonje45/coffevision-leaf-cls/Enfermedad-Roya/name250_jpg.rf.7c442f66a4a02919dda5f499622a5028.jpg,Enfermedad-Roya,1
/kaggle/input/datasets/julianmedinamonje45/coffevision-leaf-cls/Sanas/795_jpg.rf.feec6348558b566cf7676ed73988aa9d.jpg,Sanas,0
/kaggle/input/datasets/julianmedinamonje45/coffevision-leaf-cls/Sanas/C5P21E1_jpg.rf.a161a7ea0fc70677ca5d305e0c4e7ba9.jpg,Sanas,0
/kaggle/input/datasets/julianmedinamonje45/coffevision-leaf-cls/Enfermedad-Roya/768_jpg.rf.b6d6157276507628d9ebf6a09e6e9318.jpg,Enfermedad-Roya,1
/kaggle/input/datasets/julianmedinamonje45/coffevision-leaf-cls/Sanas/1624_jpg.rf.1da0ae74c34e0338fc10ce261d2c5892.jpg,Sanas,0
/kaggle/input/datasets/julianmedinamonje45/coffevision-leaf-cls/Sanas/1380_jpg.rf.8785b202519d6a9d1c871d9c55f76955.jpg,Sanas,0
/kaggle/input/datasets/julianmedinamonje45/coffevision-leaf-cls/Enfermedad-Roya/name101_jpg.rf.782f7b03e8626d29a3f9880e3df62e57.jpg,Enfermedad-Roya,1
/kaggle/input/datasets/julianmedinamonje45/coffevision-leaf-cls/Enfermedad-Roya/name246_jpg.rf.76d4d6d4f1b2c11188e9a348d0dbb492.jpg,Enfermedad-Roya,1
/kaggle/input/datasets/julianmedinamonje45/coffevision-leaf-cls/Sanas/C11P27E2_jpg.rf.c1c67da5fba18cb5ee572af0e88116e7.jpg,Sanas,0
/kaggle/input/datasets/julianmedinamonje45/coffevision-leaf-cls/Sanas/C9P24H2_jpg.rf.b7f01f99596929dd8472657ef41b7aec.jpg,Sanas,0
/kaggle/input/datasets/julianmedinamonje45/coffevision-leaf-cls/Sanas/1626_jpg.rf.6adeb37742ca2be3ae0cd60782b19903.jpg,Sanas,0
/kaggle/input/datasets/julianmedinamonje45/coffevision-leaf-cls/Sanas/C7P33H2_jpg.rf.5b582b75e6496a8319f1db289d4cf554.jpg,Sanas,0
/kaggle/input/datasets/julianmedinamonje45/coffevision-leaf-cls/Sanas/C7P38E1_jpg.rf.9e0e9ec05bab6ea65cd69b171672e447.jpg,Sanas,0
/kaggle/input/datasets/julianmedinamonje45/coffevision-leaf-cls/Sanas/C2P5H1_jpg.rf.3ba8c5f634a0460df3660412f5cfb97e.jpg,Sanas,0
/kaggle/input/datasets/julianmedinamonje45/coffevision-leaf-cls/Sanas/C3P10H1_jpg.rf.06912b02df776b389c0b5acc5cd30dc5.jpg,Sanas,0
/kaggle/input/datasets/julianmedinamonje45/coffevision-leaf-cls/Sanas/C6P1H1_jpg.rf.04df3c80b8cec7ffdc998f9b8b761a62.jpg,Sanas,0
/kaggle/input/datasets/julianmedinamonje45/coffevision-leaf-cls/Enfermedad-Roya/C11P10H2_jpg.rf.15da3ec453197214baa863c4857bb5b9.jpg,Enfermedad-Roya,1
/kaggle/input/datasets/julianmedinamonje45/coffevision-leaf-cls/Enfermedad-Roya/C4P26H2_jpg.rf.4074a77789cb2b2e25858d7cf54589cf.jpg,Enfermedad-Roya,1
/kaggle/input/datasets/julianmedinamonje45/coffevision-leaf-cls/Enfermedad-Roya/C1P21H2_jpg.rf.6f570c7f4909336245d8ff075967d8a9.jpg,Enfermedad-Roya,1
/kaggle/input/datasets/julianmedinamonje45/coffevision-leaf-cls/Sanas/C9P8H2_jpg.rf.8242ce64ef63da38dfccc1188dfefb31.jpg,Sanas,0
/kaggle/input/datasets/julianmedinamonje45/coffevision-leaf-cls/Enfermedad-Roya/1611_jpg.rf.31ea6fc5c273d558fe80c9db9b0d7f16.jpg,Enfermedad-Roya,1
/kaggle/input/datasets/julianmedinamonje45/coffevision-leaf-cls/Enfermedad-Roya/C7P10H2_jpg.rf.c16a5c55e74a896451ff1132b5a8de50.jpg,Enfermedad-Roya,1
/kaggle/input/datasets/julianmedinamonje45/coffevision-leaf-cls/Sanas/1659_jpg.rf.779f15ca46c05130dae878e5969cc88c.jpg,Sanas,0
/kaggle/input/datasets/julianmedinamonje45/coffevision-leaf-cls/Enfermedad-Roya/C4P21E2_jpg.rf.bdcf5e5801ed79f7ae4382764b37c7bd.jpg,Enfermedad-Roya,1
/kaggle/input/datasets/julianmedinamonje45/coffevision-leaf-cls/Enfermedad-Roya/169_jpg.rf.f4db7d349664b0df7d826ee01acb84cd.jpg,Enfermedad-Roya,1
/kaggle/input/datasets/julianmedinamonje45/coffevision-leaf-cls/Sanas/C7P8E2_jpg.rf.b0eaddd5660f1540b3dfeaeefb4b1dd9.jpg,Sanas,0
/kaggle/input/datasets/julianmedinamonje45/coffevision-leaf-cls/Sanas/C1P27H1_jpg.rf.5d9b8bced7635873dc52925ed9ed2e59.jpg,Sanas,0
/kaggle/input/datasets/julianmedinamonje45/coffevision-leaf-cls/Sanas/C3P23E1_jpg.rf.97627daefad8966a7160f9362fa2b7fb.jpg,Sanas,0
/kaggle/input/datasets/julianmedinamonje45/coffevision-leaf-cls/Enfermedad-Roya/C1P31E2_jpg.rf.cfd49feced1a2e044cf4528d79e71a3a.jpg,Enfermedad-Roya,1
/kaggle/input/datasets/julianmedinamonje45/coffevision-leaf-cls/Enfermedad-Roya/name269_jpg.rf.149b0a918d65b73d0577f0ccaf83b1d9.jpg,Enfermedad-Roya,1
/kaggle/input/datasets/julianmedinamonje45/coffevision-leaf-cls/Sanas/1160_jpg.rf.d194da30eb289599b5908625b954bc9d.jpg,Sanas,0
/kaggle/input/datasets/julianmedinamonje45/coffevision-leaf-cls/Sanas/C7P35E1_jpg.rf.0e4029a35beddd634c8b15243a390cf5.jpg,Sanas,0
/kaggle/input/datasets/julianmedinamonje45/coffevision-leaf-cls/Sanas/C8P38H2_jpg.rf.6979d070a54af1bc757280e76a6099da.jpg,Sanas,0
/kaggle/input/datasets/julianmedinamonje45/coffevision-leaf-cls/Sanas/C8P23E1_jpg.rf.b7c811d2c0233d1b09a46fbc3c1f5b55.jpg,Sanas,0
/kaggle/input/datasets/julianmedinamonje45/coffevision-leaf-cls/Enfermedad-Roya/C4P27E2_jpg.rf.5eec550904bffb37d69694642b2ffea8.jpg,Enfermedad-Roya,1
/kaggle/input/datasets/julianmedinamonje45/coffevision-leaf-cls/Enfermedad-Roya/C8P28H2_jpg.rf.40d89dc963a2518bb2db6a9b638af6f7.jpg,Enfermedad-Roya,1
/kaggle/input/datasets/julianmedinamonje45/coffevision-leaf-cls/Sanas/1386_jpg.rf.bd63d98e2762263484d8f2eb63322851.jpg,Sanas,0
/kaggle/input/datasets/julianmedinamonje45/coffevision-leaf-cls/Enfermedad-Roya/name104_jpg.rf.502de1d0294a842fd02ff3f396ca266b.jpg,Enfermedad-Roya,1
/kaggle/input/datasets/julianmedinamonje45/coffevision-leaf-cls/Enfermedad-Roya/C7P20H2_jpg.rf.b0ce1eb7a0731bda90ff46de2d2a4280.jpg,Enfermedad-Roya,1
/kaggle/input/datasets/julianmedinamonje45/coffevision-leaf-cls/Enfermedad-Roya/name61_jpg.rf.cb941eefe8bea97c00494ff162e82da4.jpg,Enfermedad-Roya,1
/kaggle/input/datasets/julianmedinamonje45/coffevision-leaf-cls/Enfermedad-Roya/C1P8E2_jpg.rf.6dd059266d1f5182e15e98b057133d59.jpg,Enfermedad-Roya,1
/kaggle/input/datasets/julianmedinamonje45/coffevision-leaf-cls/Enfermedad-Roya/name307_jpg.rf.dd532ce04f9d589c413a0803f2ad9421.jpg,Enfermedad-Roya,1
/kaggle/input/datasets/julianmedinamonje45/coffevision-leaf-cls/Enfermedad-Roya/1609_jpg.rf.e70062d7a6607994983eb458e6e1a38b.jpg,Enfermedad-Roya,1
/kaggle/input/datasets/julianmedinamonje45/coffevision-leaf-cls/Sanas/C3P19H1_jpg.rf.d885e569a981f34af7951d0754eacbda.jpg,Sanas,0
/kaggle/input/datasets/julianmedinamonje45/coffevision-leaf-cls/Sanas/192_jpg.rf.0acadad20f8d56aa7c7bfd0c1024f931.jpg,Sanas,0
/kaggle/input/datasets/julianmedinamonje45/coffevision-leaf-cls/Enfermedad-Roya/1507_jpg.rf.bc1f568069be22e107a776d99eca3cd7.jpg,Enfermedad-Roya,1
/kaggle/input/datasets/julianmedinamonje45/coffevision-leaf-cls/Sanas/C6P34E2_jpg.rf.0ef18c56757712890124db989d98871c.jpg,Sanas,0
/kaggle/input/datasets/julianmedinamonje45/coffevision-leaf-cls/Sanas/C5P11H2_jpg.rf.377a45d2f6b8a9240c9b303699b3a417.jpg,Sanas,0
/kaggle/input/datasets/julianmedinamonje45/coffevision-leaf-cls/Enfermedad-Roya/1652_jpg.rf.0636bde0d1bd560dcc32023f44a5bef5.jpg,Enfermedad-Roya,1
/kaggle/input/datasets/julianmedinamonje45/coffevision-leaf-cls/Enfermedad-Roya/178_jpg.rf.ff20b602974a61370766d2c398316992.jpg,Enfermedad-Roya,1
/kaggle/input/datasets/julianmedinamonje45/coffevision-leaf-cls/Enfermedad-Roya/C7P22H1_jpg.rf.d70a518aaf50045f88325bfb75ea37e6.jpg,Enfermedad-Roya,1
/kaggle/input/datasets/julianmedinamonje45/coffevision-leaf-cls/Enfermedad-Roya/C12P3H2_jpg.rf.40fa6e23fc3706ec6624b516bca656f4.jpg,Enfermedad-Roya,1
/kaggle/input/datasets/julianmedinamonje45/coffevision-leaf-cls/Sanas/C12P30H1_jpg.rf.c2d8a2d37228738adf5e288290ccde70.jpg,Sanas,0
/kaggle/input/datasets/julianmedinamonje45/coffevision-leaf-cls/Sanas/C6P12H1_jpg.rf.a265ea5119df958c31c30ee7f48ee66f.jpg,Sanas,0
/kaggle/input/datasets/julianmedinamonje45/coffevision-leaf-cls/Enfermedad-Roya/name129_jpg.rf.752ecbd76ddfd8abeee25fdce9f774e8.jpg,Enfermedad-Roya,1
/kaggle/input/datasets/julianmedinamonje45/coffevision-leaf-cls/Sanas/C9P29E2_jpg.rf.877ef9289cea8e827bb932b5cd75c765.jpg,Sanas,0
/kaggle/input/datasets/julianmedinamonje45/coffevision-leaf-cls/Sanas/C10P22E1_jpg.rf.7e2a51f1d1720207b33eb73f47ecd54c.jpg,Sanas,0
/kaggle/input/datasets/julianmedinamonje45/coffevision-leaf-cls/Enfermedad-Roya/C8P17E1_jpg.rf.1140b6d41e93727bf8ddbbaf2202ed70.jpg,Enfermedad-Roya,1
/kaggle/input/datasets/julianmedinamonje45/coffevision-leaf-cls/Enfermedad-Roya/885_jpg.rf.5d4bc14bacba5854dca01ac1a78bf619.jpg,Enfermedad-Roya,1
/kaggle/input/datasets/julianmedinamonje45/coffevision-leaf-cls/Sanas/1335_jpg.rf.624437592f58b553a0d85d6e384d7f9d.jpg,Sanas,0
/kaggle/input/datasets/julianmedinamonje45/coffevision-leaf-cls/Enfermedad-Roya/name317_jpg.rf.9d73cf261ad70e8c1d403f6b832aa416.jpg,Enfermedad-Roya,1
/kaggle/input/datasets/julianmedinamonje45/coffevision-leaf-cls/Enfermedad-Roya/650_jpg.rf.0dc8d2f5697129064d438c05cdcb9b8f.jpg,Enfermedad-Roya,1
/kaggle/input/datasets/julianmedinamonje45/coffevision-leaf-cls/Sanas/751_jpg.rf.3a8b87a28d6a189d23c4eb4e3ead4391.jpg,Sanas,0
/kaggle/input/datasets/julianmedinamonje45/coffevision-leaf-cls/Enfermedad-Roya/1253_jpg.rf.079f4cb3161377f71bd7044e44853eee.jpg,Enfermedad-Roya,1
/kaggle/input/datasets/julianmedinamonje45/coffevision-leaf-cls/Sanas/1387_jpg.rf.c68bcc57c1134b37aa16000f6c1db0b2.jpg,Sanas,0
/kaggle/input/datasets/julianmedinamonje45/coffevision-leaf-cls/Sanas/996_jpg.rf.01d0f14d8720276e85c73b19b603bc03.jpg,Sanas,0
/kaggle/input/datasets/julianmedinamonje45/coffevision-leaf-cls/Enfermedad-Roya/769_jpg.rf.4c58c7e06e1f30c8357d58fffac7559a.jpg,Enfermedad-Roya,1
/kaggle/input/datasets/julianmedinamonje45/coffevision-leaf-cls/Sanas/C9P35E2_jpg.rf.5b4398ef6ba6800072ae9823d869f544.jpg,Sanas,0
/kaggle/input/datasets/julianmedinamonje45/coffevision-leaf-cls/Sanas/1334_jpg.rf.f47d4dfb9101217f8ea0cd5bc956cd68.jpg,Sanas,0
/kaggle/input/datasets/julianmedinamonje45/coffevision-leaf-cls/Enfermedad-Roya/1463_jpg.rf.70f3b9fc154c3db1554d775a2a512730.jpg,Enfermedad-Roya,1
/kaggle/input/datasets/julianmedinamonje45/coffevision-leaf-cls/Sanas/C7P39H1_jpg.rf.084892110111c610131eb99b38f2203b.jpg,Sanas,0
/kaggle/input/datasets/julianmedinamonje45/coffevision-leaf-cls/Sanas/1056_jpg.rf.61151cde6760312b4e0118a9c57a651a.jpg,Sanas,0
/kaggle/input/datasets/julianmedinamonje45/coffevision-leaf-cls/Sanas/964_jpg.rf.f625cfec69964640c668b1957fffa9ab.jpg,Sanas,0
/kaggle/input/datasets/julianmedinamonje45/coffevision-leaf-cls/Enfermedad-Roya/C4P12H2_jpg.rf.12b44e688bf2b32d7d10008b6aa3aafa.jpg,Enfermedad-Roya,1
/kaggle/input/datasets/julianmedinamonje45/coffevision-leaf-cls/Enfermedad-Roya/C10P20H1_jpg.rf.e64fe7eb2a3a8bdfbf347d7ad866d030.jpg,Enfermedad-Roya,1
/kaggle/input/datasets/julianmedinamonje45/coffevision-leaf-cls/Sanas/C7P9H1_jpg.rf.61de98900fae48a2971a2017f6e296ba.jpg,Sanas,0
/kaggle/input/datasets/julianmedinamonje45/coffevision-leaf-cls/Enfermedad-Roya/C4P23H2_jpg.rf.45d07d63b37a640e2f9fb4d4e72071b0.jpg,Enfermedad-Roya,1
/kaggle/input/datasets/julianmedinamonje45/coffevision-leaf-cls/Enfermedad-Roya/name77_jpg.rf.ccef57337d0f2f16471aeb778185a8df.jpg,Enfermedad-Roya,1
/kaggle/input/datasets/julianmedinamonje45/coffevision-leaf-cls/Sanas/760_jpg.rf.792ffe5e4ea8954682a055f436d43a99.jpg,Sanas,0
/kaggle/input/datasets/julianmedinamonje45/coffevision-leaf-cls/Sanas/1164_jpg.rf.f735273e80bab2b2520b8179c5b70b82.jpg,Sanas,0
/kaggle/input/datasets/julianmedinamonje45/coffevision-leaf-cls/Enfermedad-Roya/C3P38H2_jpg.rf.068b6c747c1bd567201d336f2712b8fc.jpg,Enfermedad-Roya,1
/kaggle/input/datasets/julianmedinamonje45/coffevision-leaf-cls/Enfermedad-Roya/C3P16E2_jpg.rf.c0cc7b973b76e2a6a1776dba190a5d8d.jpg,Enfermedad-Roya,1
/kaggle/input/datasets/julianmedinamonje45/coffevision-leaf-cls/Enfermedad-Roya/C4P17H2_jpg.rf.cdf678640f28f10c3c2073db79fd40f0.jpg,Enfermedad-Roya,1
/kaggle/input/datasets/julianmedinamonje45/coffevision-leaf-cls/Enfermedad-Roya/C9P18E1_jpg.rf.ad760c221badb2a633f75bad00404d66.jpg,Enfermedad-Roya,1
/kaggle/input/datasets/julianmedinamonje45/coffevision-leaf-cls/Sanas/C11P11E1_jpg.rf.5f9dcd8442c1583a7d338471de2be468.jpg,Sanas,0
/kaggle/input/datasets/julianmedinamonje45/coffevision-leaf-cls/Sanas/C7P32H2_jpg.rf.6d859dde79424c98c53d86edfa08790c.jpg,Sanas,0
/kaggle/input/datasets/julianmedinamonje45/coffevision-leaf-cls/Sanas/698_jpg.rf.aa4cada262bd12dfa9922a2b135f9a09.jpg,Sanas,0
/kaggle/input/datasets/julianmedinamonje45/coffevision-leaf-cls/Enfermedad-Roya/C10P21E2_jpg.rf.d4377443d3027c83dee0b882c87d13bd.jpg,Enfermedad-Roya,1
/kaggle/input/datasets/julianmedinamonje45/coffevision-leaf-cls/Enfermedad-Roya/C10P20E2_jpg.rf.0d90d2434d2e4246f032530edc4a09b2.jpg,Enfermedad-Roya,1
/kaggle/input/datasets/julianmedinamonje45/coffevision-leaf-cls/Sanas/C10P28H1_jpg.rf.9b091bc9d60aad2376b5e34588bb05a4.jpg,Sanas,0
/kaggle/input/datasets/julianmedinamonje45/coffevision-leaf-cls/Sanas/C12P11E1_jpg.rf.4503b4ea719ab995565a8920518a7c7d.jpg,Sanas,0
/kaggle/input/datasets/julianmedinamonje45/coffevision-leaf-cls/Sanas/C11P14H1_jpg.rf.9f26be725becae2a4a383371107bbe7c.jpg,Sanas,0
/kaggle/input/datasets/julianmedinamonje45/coffevision-leaf-cls/Sanas/761_jpg.rf.f5b6d37ab27f06f6c612760c02f678d2.jpg,Sanas,0
/kaggle/input/datasets/julianmedinamonje45/coffevision-leaf-cls/Sanas/C9P35H2_jpg.rf.3b1e14436024ba3bde1bfe84f7661b8e.jpg,Sanas,0
/kaggle/input/datasets/julianmedinamonje45/coffevision-leaf-cls/Enfermedad-Roya/name188_jpg.rf.a16da26ca166806c26243d629d8e1c3b.jpg,Enfermedad-Roya,1
/kaggle/input/datasets/julianmedinamonje45/coffevision-leaf-cls/Enfermedad-Roya/177_jpg.rf.0867688a65c6b0b57e2783a503300f9c.jpg,Enfermedad-Roya,1
/kaggle/input/datasets/julianmedinamonje45/coffevision-leaf-cls/Sanas/C9P24E1_jpg.rf.df3b8316f272367d144288d5aeb169a9.jpg,Sanas,0
/kaggle/input/datasets/julianmedinamonje45/coffevision-leaf-cls/Enfermedad-Roya/name208_jpg.rf.678997ce71591623c54fff382f37e717.jpg,Enfermedad-Roya,1
/kaggle/input/datasets/julianmedinamonje45/coffevision-leaf-cls/Enfermedad-Roya/C6P35E2_jpg.rf.64e9cf0bacbeae3c44e38e8abf316a81.jpg,Enfermedad-Roya,1
/kaggle/input/datasets/julianmedinamonje45/coffevision-leaf-cls/Sanas/C11P35H2_jpg.rf.4d6aa5441c2f88350393ea08b5cc125e.jpg,Sanas,0
/kaggle/input/datasets/julianmedinamonje45/coffevision-leaf-cls/Sanas/1394_jpg.rf.c000e1f045b682481fa5f586c863f1f6.jpg,Sanas,0
/kaggle/input/datasets/julianmedinamonje45/coffevision-leaf-cls/Enfermedad-Roya/C12P3E2_jpg.rf.8b69867778eddf43f4a9cc16d6ca2964.jpg,Enfermedad-Roya,1
/kaggle/input/datasets/julianmedinamonje45/coffevision-leaf-cls/Sanas/C6P28E1_jpg.rf.7557b66da9c6a286e64d216edc26d2be.jpg,Sanas,0
/kaggle/input/datasets/julianmedinamonje45/coffevision-leaf-cls/Enfermedad-Roya/1644_jpg.rf.52f94e42aad8416ee6f73878ac103226.jpg,Enfermedad-Roya,1
/kaggle/input/datasets/julianmedinamonje45/coffevision-leaf-cls/Enfermedad-Roya/1660_jpg.rf.c476e818fb5de1ae3c30e4d835b80344.jpg,Enfermedad-Roya,1
/kaggle/input/datasets/julianmedinamonje45/coffevision-leaf-cls/Sanas/C12P8H1_jpg.rf.27878e0d645cca37cf4d35dd8e38ad4e.jpg,Sanas,0
/kaggle/input/datasets/julianmedinamonje45/coffevision-leaf-cls/Enfermedad-Roya/C8P38E1_jpg.rf.5b64c98e67bb0fdb660d8120a637aafb.jpg,Enfermedad-Roya,1
/kaggle/input/datasets/julianmedinamonje45/coffevision-leaf-cls/Enfermedad-Roya/C4P16E2_jpg.rf.007d5d5280a15768f927a5d4d4b787ca.jpg,Enfermedad-Roya,1
/kaggle/input/datasets/julianmedinamonje45/coffevision-leaf-cls/Enfermedad-Roya/C11P38H2_jpg.rf.91600fcfc054a6735f769de816816ecb.jpg,Enfermedad-Roya,1
/kaggle/input/datasets/julianmedinamonje45/coffevision-leaf-cls/Enfermedad-Roya/name118_jpg.rf.0b6025ccba68e6d418723edda6c3d774.jpg,Enfermedad-Roya,1
/kaggle/input/datasets/julianmedinamonje45/coffevision-leaf-cls/Sanas/C4P5H1_jpg.rf.f25b29103e02c655d9f43f7087a70410.jpg,Sanas,0
/kaggle/input/datasets/julianmedinamonje45/coffevision-leaf-cls/Sanas/C4P38E1_jpg.rf.87c59ae19b606dc4d88a98cbc7ac668a.jpg,Sanas,0
/kaggle/input/datasets/julianmedinamonje45/coffevision-leaf-cls/Enfermedad-Roya/1521_jpg.rf.459117dd433b6653f0bc640712de509e.jpg,Enfermedad-Roya,1
/kaggle/input/datasets/julianmedinamonje45/coffevision-leaf-cls/Sanas/200_jpg.rf.0a97f531252c171c20671fc47fcf5eac.jpg,Sanas,0
/kaggle/input/datasets/julianmedinamonje45/coffevision-leaf-cls/Enfermedad-Roya/C7P15E1_jpg.rf.4fc347fae9f86b693aa52006fcbff52f.jpg,Enfermedad-Roya,1
/kaggle/input/datasets/julianmedinamonje45/coffevision-leaf-cls/Enfermedad-Roya/C7P33E1_jpg.rf.08ae7ede85f8a8345fa244c8183a07f8.jpg,Enfermedad-Roya,1
/kaggle/input/datasets/julianmedinamonje45/coffevision-leaf-cls/Sanas/C3P30E1_jpg.rf.4ee65f5b53c53646100b993ef5a10325.jpg,Sanas,0
/kaggle/input/datasets/julianmedinamonje45/coffevision-leaf-cls/Sanas/C9P31H2_jpg.rf.7c61ba9a0d4a8de43c5af3a53ea54570.jpg,Sanas,0
/kaggle/input/datasets/julianmedinamonje45/coffevision-leaf-cls/Sanas/1227_jpg.rf.5a83fa90a9684602dce5eb67a55f55a2.jpg,Sanas,0
/kaggle/input/datasets/julianmedinamonje45/coffevision-leaf-cls/Sanas/919_jpg.rf.fd47ebc1a5bfbc593b7e5fddecb9bce3.jpg,Sanas,0
/kaggle/input/datasets/julianmedinamonje45/coffevision-leaf-cls/Enfermedad-Roya/name131_jpg.rf.c225df3e1385e1d59bea47c3f1222f89.jpg,Enfermedad-Roya,1
/kaggle/input/datasets/julianmedinamonje45/coffevision-leaf-cls/Enfermedad-Roya/C3P20H2_jpg.rf.b0587fcba721fed5b397103123765846.jpg,Enfermedad-Roya,1
/kaggle/input/datasets/julianmedinamonje45/coffevision-leaf-cls/Enfermedad-Roya/C10P18H2_jpg.rf.265171b02e6e37dc7d182b5c77624306.jpg,Enfermedad-Roya,1
/kaggle/input/datasets/julianmedinamonje45/coffevision-leaf-cls/Enfermedad-Roya/name298_jpg.rf.e83dde13179afbb6ff6cdda56953f201.jpg,Enfermedad-Roya,1
/kaggle/input/datasets/julianmedinamonje45/coffevision-leaf-cls/Sanas/1218_jpg.rf.3ff072b234fea9f9a69751a31c4c3d7c.jpg,Sanas,0
/kaggle/input/datasets/julianmedinamonje45/coffevision-leaf-cls/Sanas/1425_jpg.rf.8c4e4b8c3bdd50c5bd2f10f80689811a.jpg,Sanas,0
/kaggle/input/datasets/julianmedinamonje45/coffevision-leaf-cls/Enfermedad-Roya/139_jpg.rf.9ab89a4f2dab93b6a9a94bc92167b7d5.jpg,Enfermedad-Roya,1
/kaggle/input/datasets/julianmedinamonje45/coffevision-leaf-cls/Enfermedad-Roya/C3P20E2_jpg.rf.e32e697781c58000c386c8f92ae7fe5b.jpg,Enfermedad-Roya,1
/kaggle/input/datasets/julianmedinamonje45/coffevision-leaf-cls/Enfermedad-Roya/C1P14H2_jpg.rf.8c271c8d828c3db7599c1603ac8ec8dd.jpg,Enfermedad-Roya,1
/kaggle/input/datasets/julianmedinamonje45/coffevision-leaf-cls/Enfermedad-Roya/C10P10H2_jpg.rf.46cfc7696bc968f364867838d5426319.jpg,Enfermedad-Roya,1
/kaggle/input/datasets/julianmedinamonje45/coffevision-leaf-cls/Enfermedad-Roya/1633_jpg.rf.1b9a1d170e26a1679718b6375c1b5075.jpg,Enfermedad-Roya,1
/kaggle/input/datasets/julianmedinamonje45/coffevision-leaf-cls/Enfermedad-Roya/C1P2H2_jpg.rf.c4aaa28c6b94b328cecec983b0cdc910.jpg,Enfermedad-Roya,1
/kaggle/input/datasets/julianmedinamonje45/coffevision-leaf-cls/Sanas/1201_jpg.rf.d36d357e17b56831564af8a4f692b0fe.jpg,Sanas,0
/kaggle/input/datasets/julianmedinamonje45/coffevision-leaf-cls/Sanas/C6P39H1_jpg.rf.2d10980849d8da8709e79ccb5dc9e26b.jpg,Sanas,0
/kaggle/input/datasets/julianmedinamonje45/coffevision-leaf-cls/Enfermedad-Roya/1554_jpg.rf.53bba0083f4c2bee5935b19886c7ae5b.jpg,Enfermedad-Roya,1
/kaggle/input/datasets/julianmedinamonje45/coffevision-leaf-cls/Enfermedad-Roya/C7P18E1_jpg.rf.c64e22447fc41fb611d2b5a51bcebad5.jpg,Enfermedad-Roya,1
/kaggle/input/datasets/julianmedinamonje45/coffevision-leaf-cls/Enfermedad-Roya/name160_jpg.rf.59945f7a448140e84e4a029dc53261a7.jpg,Enfermedad-Roya,1
/kaggle/input/datasets/julianmedinamonje45/coffevision-leaf-cls/Enfermedad-Roya/1528_jpg.rf.feddf939cb6a6417b32cf7fd48172899.jpg,Enfermedad-Roya,1
/kaggle/input/datasets/julianmedinamonje45/coffevision-leaf-cls/Enfermedad-Roya/C6P16H2_jpg.rf.914af676dd580b5135b49b8daab76368.jpg,Enfermedad-Roya,1
/kaggle/input/datasets/julianmedinamonje45/coffevision-leaf-cls/Sanas/C3P35H1_jpg.rf.c0bcf3682c1a55a95040599467306868.jpg,Sanas,0
/kaggle/input/datasets/julianmedinamonje45/coffevision-leaf-cls/Enfermedad-Roya/1522_jpg.rf.8daebd77c440e4e0e3612917ce87e2cc.jpg,Enfermedad-Roya,1
/kaggle/input/datasets/julianmedinamonje45/coffevision-leaf-cls/Enfermedad-Roya/1638_jpg.rf.fc5a55283f31120fba48bdbc668409ba.jpg,Enfermedad-Roya,1
/kaggle/input/datasets/julianmedinamonje45/coffevision-leaf-cls/Enfermedad-Roya/C12P6H2_jpg.rf.48d7ff52798edc6dcceb1b135e177097.jpg,Enfermedad-Roya,1
/kaggle/input/datasets/julianmedinamonje45/coffevision-leaf-cls/Enfermedad-Roya/1613_jpg.rf.e9225ae0330d19e9d2d4eead78bab81b.jpg,Enfermedad-Roya,1
/kaggle/input/datasets/julianmedinamonje45/coffevision-leaf-cls/Sanas/191_jpg.rf.c0f26d5c4f1f383ce61dc0b6cd41e25d.jpg,Sanas,0
/kaggle/input/datasets/julianmedinamonje45/coffevision-leaf-cls/Enfermedad-Roya/name19_jpg.rf.199af89d1a623ccff7e6a9b8c71909f9.jpg,Enfermedad-Roya,1
/kaggle/input/datasets/julianmedinamonje45/coffevision-leaf-cls/Sanas/814_jpg.rf.d943ad8fd6b3339d8b804a174e8f860d.jpg,Sanas,0
/kaggle/input/datasets/julianmedinamonje45/coffevision-leaf-cls/Enfermedad-Roya/143_jpg.rf.e2898e1b610fe0893bcca1aa343035fe.jpg,Enfermedad-Roya,1
/kaggle/input/datasets/julianmedinamonje45/coffevision-leaf-cls/Sanas/C10P10H1_jpg.rf.7bc0e3ad53add46a6a5dc3b9cfddc802.jpg,Sanas,0
/kaggle/input/datasets/julianmedinamonje45/coffevision-leaf-cls/Enfermedad-Roya/167_jpg.rf.c9cab7f758d19d1343b099c8fe551853.jpg,Enfermedad-Roya,1
/kaggle/input/datasets/julianmedinamonje45/coffevision-leaf-cls/Sanas/C6P31E2_jpg.rf.8e077bd88ecce9f02c7f1e6fe3c9cc95.jpg,Sanas,0
/kaggle/input/datasets/julianmedinamonje45/coffevision-leaf-cls/Enfermedad-Roya/1526_jpg.rf.6b6ffbe742a3ef36003725b5c416616a.jpg,Enfermedad-Roya,1
/kaggle/input/datasets/julianmedinamonje45/coffevision-leaf-cls/Sanas/C2P23H1_jpg.rf.5dffefb462429c8297a03132e5c2cf4f.jpg,Sanas,0
/kaggle/input/datasets/julianmedinamonje45/coffevision-leaf-cls/Enfermedad-Roya/name62_jpg.rf.52525ecaa1d8d4fe9dcddf0bae94c82d.jpg,Enfermedad-Roya,1
/kaggle/input/datasets/julianmedinamonje45/coffevision-leaf-cls/Enfermedad-Roya/C5P28H1_jpg.rf.783a1b1c4d1c931c0afce181d1452005.jpg,Enfermedad-Roya,1
/kaggle/input/datasets/julianmedinamonje45/coffevision-leaf-cls/Enfermedad-Roya/name279_jpg.rf.0cc5197e4c0c73f87a44df701d02292d.jpg,Enfermedad-Roya,1
/kaggle/input/datasets/julianmedinamonje45/coffevision-leaf-cls/Enfermedad-Roya/C7P34H1_jpg.rf.882eec43131d5c726e76418e4b3d56e7.jpg,Enfermedad-Roya,1
/kaggle/input/datasets/julianmedinamonje45/coffevision-leaf-cls/Enfermedad-Roya/name175_jpg.rf.5dd29bf5c84f1c5f7de647d19dc204b0.jpg,Enfermedad-Roya,1
/kaggle/input/datasets/julianmedinamonje45/coffevision-leaf-cls/Sanas/C9P30E2_jpg.rf.12f877dcc2e7b1940e1e246dab2632c5.jpg,Sanas,0
/kaggle/input/datasets/julianmedinamonje45/coffevision-leaf-cls/Sanas/C6P8E1_jpg.rf.226dd49d4e90437e0e4dc4d2812acdbb.jpg,Sanas,0
/kaggle/input/datasets/julianmedinamonje45/coffevision-leaf-cls/Sanas/697_jpg.rf.5fcd38e122fc193efddb93e890d9309e.jpg,Sanas,0
/kaggle/input/datasets/julianmedinamonje45/coffevision-leaf-cls/Enfermedad-Roya/144_jpg.rf.19d08504ba1df0a5c9e78aee6f76ba66.jpg,Enfermedad-Roya,1
/kaggle/input/datasets/julianmedinamonje45/coffevision-leaf-cls/Enfermedad-Roya/C1P39E2_jpg.rf.c32ea81824b5f291d4f7e73bef3f33bf.jpg,Enfermedad-Roya,1
/kaggle/input/datasets/julianmedinamonje45/coffevision-leaf-cls/Enfermedad-Roya/1434_jpg.rf.efc1d0d794c946db1cfddd26d5da4129.jpg,Enfermedad-Roya,1
/kaggle/input/datasets/julianmedinamonje45/coffevision-leaf-cls/Enfermedad-Roya/name123_jpg.rf.178d3c129329c8a7934049624979335b.jpg,Enfermedad-Roya,1
/kaggle/input/datasets/julianmedinamonje45/coffevision-leaf-cls/Enfermedad-Roya/C12P12E2_jpg.rf.0dbc99e8b69fad4d36fde7ff9eb31f48.jpg,Enfermedad-Roya,1
/kaggle/input/datasets/julianmedinamonje45/coffevision-leaf-cls/Sanas/C7P17H1_jpg.rf.eaf5d8c02e2f8a16ac4f1057418b60db.jpg,Sanas,0
/kaggle/input/datasets/julianmedinamonje45/coffevision-leaf-cls/Enfermedad-Roya/179_jpg.rf.b4971c6c96aa68f4b5d96d8e630711b4.jpg,Enfermedad-Roya,1
/kaggle/input/datasets/julianmedinamonje45/coffevision-leaf-cls/Sanas/C7P36H1_jpg.rf.199cbda1e754fcd29410cce69929cc54.jpg,Sanas,0
/kaggle/input/datasets/julianmedinamonje45/coffevision-leaf-cls/Sanas/C2P11H1_jpg.rf.cad33838b99e32799f15846dd573bbfd.jpg,Sanas,0
/kaggle/input/datasets/julianmedinamonje45/coffevision-leaf-cls/Enfermedad-Roya/name313_jpg.rf.650e5fee9905f7ae49f4afed431912fb.jpg,Enfermedad-Roya,1
/kaggle/input/datasets/julianmedinamonje45/coffevision-leaf-cls/Enfermedad-Roya/1041_jpg.rf.404405d653f19c24c118d9addee3fac0.jpg,Enfermedad-Roya,1
/kaggle/input/datasets/julianmedinamonje45/coffevision-leaf-cls/Enfermedad-Roya/name57_jpg.rf.3d4a40b665f1c3367f9072b492451632.jpg,Enfermedad-Roya,1
/kaggle/input/datasets/julianmedinamonje45/coffevision-leaf-cls/Enfermedad-Roya/name268_jpg.rf.f0d6688d99eb24f3b20a949017928bb3.jpg,Enfermedad-Roya,1
/kaggle/input/datasets/julianmedinamonje45/coffevision-leaf-cls/Sanas/C3P20E1_jpg.rf.da49df72231f0a60c1d372c48e16abbc.jpg,Sanas,0
/kaggle/input/datasets/julianmedinamonje45/coffevision-leaf-cls/Enfermedad-Roya/C10P19H2_jpg.rf.f6560ab0bb9170982ac21ad2e7fc0f97.jpg,Enfermedad-Roya,1
/kaggle/input/datasets/julianmedinamonje45/coffevision-leaf-cls/Sanas/C1P8H1_jpg.rf.9b41ca731980408366fe3fb4af991272.jpg,Sanas,0
/kaggle/input/datasets/julianmedinamonje45/coffevision-leaf-cls/Enfermedad-Roya/name134_jpg.rf.25434cec9dc67e8ba161d766a0eb4223.jpg,Enfermedad-Roya,1
/kaggle/input/datasets/julianmedinamonje45/coffevision-leaf-cls/Enfermedad-Roya/name280_jpg.rf.f892452818f14ca7e06369590388bf75.jpg,Enfermedad-Roya,1
/kaggle/input/datasets/julianmedinamonje45/coffevision-leaf-cls/Sanas/1204_jpg.rf.204c54a8db91e6ba20cd2bb9cf762bd7.jpg,Sanas,0
/kaggle/input/datasets/julianmedinamonje45/coffevision-leaf-cls/Sanas/C3P26E1_jpg.rf.9f3123299845d80467c30803b81d5b8f.jpg,Sanas,0
/kaggle/input/datasets/julianmedinamonje45/coffevision-leaf-cls/Enfermedad-Roya/145_jpg.rf.8fd30c5abf05bb739a67a0e8546bac59.jpg,Enfermedad-Roya,1
/kaggle/input/datasets/julianmedinamonje45/coffevision-leaf-cls/Enfermedad-Roya/C1P24H2_jpg.rf.c376f1f1bf13dba37551978b48219d14.jpg,Enfermedad-Roya,1
/kaggle/input/datasets/julianmedinamonje45/coffevision-leaf-cls/Enfermedad-Roya/C11P25H2_jpg.rf.a93890876cff73e3e64a824ebae960da.jpg,Enfermedad-Roya,1
/kaggle/input/datasets/julianmedinamonje45/coffevision-leaf-cls/Enfermedad-Roya/name299_jpg.rf.b637f9188651c85b928ca0b594517afa.jpg,Enfermedad-Roya,1
/kaggle/input/datasets/julianmedinamonje45/coffevision-leaf-cls/Sanas/C10P24H1_jpg.rf.2f656abf642be9d5e425d2d4fbd6a921.jpg,Sanas,0
/kaggle/input/datasets/julianmedinamonje45/coffevision-leaf-cls/Enfermedad-Roya/C3P12H2_jpg.rf.5196ce2aa0379b1c7e18ca61745e6829.jpg,Enfermedad-Roya,1
/kaggle/input/datasets/julianmedinamonje45/coffevision-leaf-cls/Enfermedad-Roya/name169_jpg.rf.0ea896e76ca1a86df753aa2a2aebff65.jpg,Enfermedad-Roya,1
/kaggle/input/datasets/julianmedinamonje45/coffevision-leaf-cls/Sanas/199_jpg.rf.521ad7c1c461533e7fd3a9bf19a89ee6.jpg,Sanas,0
/kaggle/input/datasets/julianmedinamonje45/coffevision-leaf-cls/Enfermedad-Roya/C11P32H2_jpg.rf.983874995b6df273a2cea5c696e5d3d3.jpg,Enfermedad-Roya,1
/kaggle/input/datasets/julianmedinamonje45/coffevision-leaf-cls/Sanas/C2P18E1_jpg.rf.8f2b0e6ca9080c4294fe34d340890cca.jpg,Sanas,0
/kaggle/input/datasets/julianmedinamonje45/coffevision-leaf-cls/Sanas/C1P10H1_jpg.rf.a6f251d02799f2828c20b8d4b5d96e03.jpg,Sanas,0
/kaggle/input/datasets/julianmedinamonje45/coffevision-leaf-cls/Sanas/763_jpg.rf.921cc8589322dfd2283b8f7449b9146b.jpg,Sanas,0
/kaggle/input/datasets/julianmedinamonje45/coffevision-leaf-cls/Sanas/C7P22H2_jpg.rf.cd146ef9254b7b0ca13c74b2b2c69afb.jpg,Sanas,0
/kaggle/input/datasets/julianmedinamonje45/coffevision-leaf-cls/Enfermedad-Roya/C8P18E2_jpg.rf.22a471118b6ca94270b61e2339410efa.jpg,Enfermedad-Roya,1
/kaggle/input/datasets/julianmedinamonje45/coffevision-leaf-cls/Enfermedad-Roya/name65_jpg.rf.782f1a3b48a0bca0859d985dd2129dcf.jpg,Enfermedad-Roya,1
/kaggle/input/datasets/julianmedinamonje45/coffevision-leaf-cls/Sanas/1412_jpg.rf.149af5a7ffffb9a64cb32393fe8001ae.jpg,Sanas,0
/kaggle/input/datasets/julianmedinamonje45/coffevision-leaf-cls/Enfermedad-Roya/C11P12E2_jpg.rf.8dcb0f71ef79005f4f39712c876e0915.jpg,Enfermedad-Roya,1
/kaggle/input/datasets/julianmedinamonje45/coffevision-leaf-cls/Sanas/870_jpg.rf.b5093bd7a480efd7ef141d4ecbc6a86c.jpg,Sanas,0
/kaggle/input/datasets/julianmedinamonje45/coffevision-leaf-cls/Enfermedad-Roya/1618_jpg.rf.a3ff65cceccd580b195501c741f5ea16.jpg,Enfermedad-Roya,1
/kaggle/input/datasets/julianmedinamonje45/coffevision-leaf-cls/Enfermedad-Roya/C10P23H2_jpg.rf.cb0ad2a2b7722c9750864fba3f1924ee.jpg,Enfermedad-Roya,1
/kaggle/input/datasets/julianmedinamonje45/coffevision-leaf-cls/Enfermedad-Roya/1348_jpg.rf.cb064e61639f683582974aab0ce6fe74.jpg,Enfermedad-Roya,1
/kaggle/input/datasets/julianmedinamonje45/coffevision-leaf-cls/Sanas/C3P4H1_jpg.rf.b32747771e62bba6942cd645f3878369.jpg,Sanas,0
/kaggle/input/datasets/julianmedinamonje45/coffevision-leaf-cls/Enfermedad-Roya/1634_jpg.rf.39b12e66ad7be6339189451358d6ca35.jpg,Enfermedad-Roya,1
/kaggle/input/datasets/julianmedinamonje45/coffevision-leaf-cls/Enfermedad-Roya/C11P30H2_jpg.rf.f0a097b543c85774d00fb9b00db3e10d.jpg,Enfermedad-Roya,1
/kaggle/input/datasets/julianmedinamonje45/coffevision-leaf-cls/Sanas/C11P19H1_jpg.rf.7d7baa709ffa005a22f88a9d5c1acfc7.jpg,Sanas,0
/kaggle/input/datasets/julianmedinamonje45/coffevision-leaf-cls/Enfermedad-Roya/C12P2H2_jpg.rf.2b1fc71680ba76410b660893c2694126.jpg,Enfermedad-Roya,1
/kaggle/input/datasets/julianmedinamonje45/coffevision-leaf-cls/Enfermedad-Roya/C9P3E1_jpg.rf.4391ee18e63b6054692aa22e113bd607.jpg,Enfermedad-Roya,1
/kaggle/input/datasets/julianmedinamonje45/coffevision-leaf-cls/Enfermedad-Roya/C5P31E2_jpg.rf.38e3b6f8e1090ddc207f9429a4730865.jpg,Enfermedad-Roya,1
/kaggle/input/datasets/julianmedinamonje45/coffevision-leaf-cls/Enfermedad-Roya/name167_jpg.rf.e6a34b4e9b160d59ffcbdf21580a5199.jpg,Enfermedad-Roya,1
/kaggle/input/datasets/julianmedinamonje45/coffevision-leaf-cls/Enfermedad-Roya/1548_jpg.rf.a7650eda87b7c0191dbf1ae11e071294.jpg,Enfermedad-Roya,1
/kaggle/input/datasets/julianmedinamonje45/coffevision-leaf-cls/Enfermedad-Roya/1569_jpg.rf.919ee35531eb8a364e5afff16699e1a7.jpg,Enfermedad-Roya,1
/kaggle/input/datasets/julianmedinamonje45/coffevision-leaf-cls/Enfermedad-Roya/733_jpg.rf.0665da07f9091172a771ea6467c21d4b.jpg,Enfermedad-Roya,1
/kaggle/input/datasets/julianmedinamonje45/coffevision-leaf-cls/Sanas/210_jpg.rf.97e70711e9fc89ebe385ac69c6c7ee94.jpg,Sanas,0
/kaggle/input/datasets/julianmedinamonje45/coffevision-leaf-cls/Sanas/C8P12H2_jpg.rf.a0eec9711b09e8f1a435dcb2467b5083.jpg,Sanas,0
/kaggle/input/datasets/julianmedinamonje45/coffevision-leaf-cls/Enfermedad-Roya/name103_jpg.rf.9e5149e9b8e9960562522fb3cfb3fb93.jpg,Enfermedad-Roya,1
/kaggle/input/datasets/julianmedinamonje45/coffevision-leaf-cls/Enfermedad-Roya/C9P14E1_jpg.rf.1964797c5b89d03386091b953b174751.jpg,Enfermedad-Roya,1
/kaggle/input/datasets/julianmedinamonje45/coffevision-leaf-cls/Enfermedad-Roya/C7P11E1_jpg.rf.5d8b0331247c87f6d04d070f14a5ff0a.jpg,Enfermedad-Roya,1
/kaggle/input/datasets/julianmedinamonje45/coffevision-leaf-cls/Sanas/C6P6E1_jpg.rf.9af277069b9cb1c9716f9e663fa8e202.jpg,Sanas,0
/kaggle/input/datasets/julianmedinamonje45/coffevision-leaf-cls/Enfermedad-Roya/C11P27H1_jpg.rf.b90ccafec7dd0f1c0c2fb7273d99c4d6.jpg,Enfermedad-Roya,1
/kaggle/input/datasets/julianmedinamonje45/coffevision-leaf-cls/Sanas/1117_jpg.rf.f601eca96911272da299355ada100f7a.jpg,Sanas,0
/kaggle/input/datasets/julianmedinamonje45/coffevision-leaf-cls/Sanas/C5P5E1_jpg.rf.9302b3c7cd960e7cec091e05e4130ce4.jpg,Sanas,0
/kaggle/input/datasets/julianmedinamonje45/coffevision-leaf-cls/Sanas/C7P25H2_jpg.rf.85373d73496f2cf8dd044d5e7c25abb3.jpg,Sanas,0
/kaggle/input/datasets/julianmedinamonje45/coffevision-leaf-cls/Enfermedad-Roya/1604_jpg.rf.6c54e02f79e3363e0219b3f1641b268e.jpg,Enfermedad-Roya,1
/kaggle/input/datasets/julianmedinamonje45/coffevision-leaf-cls/Sanas/C9P27E2_jpg.rf.ed4bc019b9493a8089a66b53308e2ec2.jpg,Sanas,0
/kaggle/input/datasets/julianmedinamonje45/coffevision-leaf-cls/Sanas/696_jpg.rf.96a7c0a49c7475f92ca759cfd84b4566.jpg,Sanas,0
/kaggle/input/datasets/julianmedinamonje45/coffevision-leaf-cls/Sanas/C3P10E1_jpg.rf.a7c9672403fc05ebb141899990a68d40.jpg,Sanas,0
/kaggle/input/datasets/julianmedinamonje45/coffevision-leaf-cls/Sanas/1316_jpg.rf.7317bb0d455f3f416beab91c8c8b77ac.jpg,Sanas,0
/kaggle/input/datasets/julianmedinamonje45/coffevision-leaf-cls/Sanas/C5P24E1_jpg.rf.b85c8daf3b812cd73e828896b12e75a1.jpg,Sanas,0
/kaggle/input/datasets/julianmedinamonje45/coffevision-leaf-cls/Enfermedad-Roya/C6P33H2_jpg.rf.b8af541c7c4706f4bca922ed564dadf4.jpg,Enfermedad-Roya,1
/kaggle/input/datasets/julianmedinamonje45/coffevision-leaf-cls/Sanas/1229_jpg.rf.3a9bd34365244f1dadd421944706f5a5.jpg,Sanas,0
/kaggle/input/datasets/julianmedinamonje45/coffevision-leaf-cls/Sanas/C8P39H1_jpg.rf.28b5d8b09db87baeb4719389e4ee3ea8.jpg,Sanas,0
/kaggle/input/datasets/julianmedinamonje45/coffevision-leaf-cls/Enfermedad-Roya/1121_jpg.rf.f4ebbd46c9a187c2ee6c47bebd2444be.jpg,Enfermedad-Roya,1
/kaggle/input/datasets/julianmedinamonje45/coffevision-leaf-cls/Enfermedad-Roya/C10P13H2_jpg.rf.7f1cbf9465df629ee1f53045c756993f.jpg,Enfermedad-Roya,1
/kaggle/input/datasets/julianmedinamonje45/coffevision-leaf-cls/Enfermedad-Roya/name255_jpg.rf.6a5f25fcc2ccf872c6e5c83a2c82ecea.jpg,Enfermedad-Roya,1
/kaggle/input/datasets/julianmedinamonje45/coffevision-leaf-cls/Sanas/C9P18H2_jpg.rf.33b41535ae364bab213598c425637b7a.jpg,Sanas,0
/kaggle/input/datasets/julianmedinamonje45/coffevision-leaf-cls/Enfermedad-Roya/184_jpg.rf.a6d0c4e98f195b504b68ece562401ec1.jpg,Enfermedad-Roya,1
/kaggle/input/datasets/julianmedinamonje45/coffevision-leaf-cls/Enfermedad-Roya/1120_jpg.rf.b37b7920d1dae7caefcfb2891c263227.jpg,Enfermedad-Roya,1
/kaggle/input/datasets/julianmedinamonje45/coffevision-leaf-cls/Sanas/1199_jpg.rf.10f1feca02eda2f746ed64d7c5da8a84.jpg,Sanas,0
/kaggle/input/datasets/julianmedinamonje45/coffevision-leaf-cls/Sanas/916_jpg.rf.9173a5a5580cc72c775c50973f45c3f3.jpg,Sanas,0
/kaggle/input/datasets/julianmedinamonje45/coffevision-leaf-cls/Sanas/C10P25E1_jpg.rf.d40e9e040f8730284603e73986054c7c.jpg,Sanas,0
/kaggle/input/datasets/julianmedinamonje45/coffevision-leaf-cls/Enfermedad-Roya/1494_jpg.rf.5b1e3d4dbb8e01d94ad613bef2874df0.jpg,Enfermedad-Roya,1
/kaggle/input/datasets/julianmedinamonje45/coffevision-leaf-cls/Sanas/C6P37E2_jpg.rf.664c4d42099cd5cb3c48519ffcc4a512.jpg,Sanas,0
/kaggle/input/datasets/julianmedinamonje45/coffevision-leaf-cls/Sanas/7_jpg.rf.1856d72791c1c0496d1f42305ae2d00c.jpg,Sanas,0
/kaggle/input/datasets/julianmedinamonje45/coffevision-leaf-cls/Sanas/C1P11E1_jpg.rf.92a193038a05384729343918fbb5e3f6.jpg,Sanas,0
/kaggle/input/datasets/julianmedinamonje45/coffevision-leaf-cls/Enfermedad-Roya/C8P19E2_jpg.rf.e3373d397e61690fae40817de7a36aba.jpg,Enfermedad-Roya,1
/kaggle/input/datasets/julianmedinamonje45/coffevision-leaf-cls/Sanas/C6P6H1_jpg.rf.5dbaf1bb4fb85d0b29ec5ee5f76667c8.jpg,Sanas,0
/kaggle/input/datasets/julianmedinamonje45/coffevision-leaf-cls/Enfermedad-Roya/C7P38E2_jpg.rf.ddff28802fb2e3445d6130c080e2a5f9.jpg,Enfermedad-Roya,1
/kaggle/input/datasets/julianmedinamonje45/coffevision-leaf-cls/Sanas/C4P32H1_jpg.rf.07192ff8cc584d66774a3b87fc148839.jpg,Sanas,0
/kaggle/input/datasets/julianmedinamonje45/coffevision-leaf-cls/Enfermedad-Roya/841_jpg.rf.c6f9613249e6f68e933fe1c00a14d5ac.jpg,Enfermedad-Roya,1
/kaggle/input/datasets/julianmedinamonje45/coffevision-leaf-cls/Enfermedad-Roya/name4_jpg.rf.eb28f70a08a8ecffa3eed4e839e37d8a.jpg,Enfermedad-Roya,1
/kaggle/input/datasets/julianmedinamonje45/coffevision-leaf-cls/Enfermedad-Roya/name215_jpg.rf.918bd6116e3055f657caf23f46915d29.jpg,Enfermedad-Roya,1
/kaggle/input/datasets/julianmedinamonje45/coffevision-leaf-cls/Enfermedad-Roya/C7P32E1_jpg.rf.3c47951a8fd5360b18a0e0082c76e3fb.jpg,Enfermedad-Roya,1
/kaggle/input/datasets/julianmedinamonje45/coffevision-leaf-cls/Enfermedad-Roya/1595_jpg.rf.3034c657eb92bb2c8ad8c5959ca4c9ca.jpg,Enfermedad-Roya,1
/kaggle/input/datasets/julianmedinamonje45/coffevision-leaf-cls/Sanas/C9P7H2_jpg.rf.458cbb2428f9c54948a6ff8fc6c224d7.jpg,Sanas,0
/kaggle/input/datasets/julianmedinamonje45/coffevision-leaf-cls/Enfermedad-Roya/C7P2H1_jpg.rf.997cf6f17aa3201e51d3dc457219d4aa.jpg,Enfermedad-Roya,1
/kaggle/input/datasets/julianmedinamonje45/coffevision-leaf-cls/Sanas/C3P29H1_jpg.rf.acdf065cc6efe2cdbc9c7931eb6d72ac.jpg,Sanas,0
/kaggle/input/datasets/julianmedinamonje45/coffevision-leaf-cls/Enfermedad-Roya/1030_jpg.rf.28e4674c626a16afa44fe62a1b2611d1.jpg,Enfermedad-Roya,1
/kaggle/input/datasets/julianmedinamonje45/coffevision-leaf-cls/Sanas/C1P34H1_jpg.rf.b7e5a25c8596b3659af70abdd5c8a5ca.jpg,Sanas,0
/kaggle/input/datasets/julianmedinamonje45/coffevision-leaf-cls/Enfermedad-Roya/name310_jpg.rf.e5c66c41aed85aab8b971dafae17491d.jpg,Enfermedad-Roya,1
/kaggle/input/datasets/julianmedinamonje45/coffevision-leaf-cls/Sanas/1389_jpg.rf.f3e19ada939a34ffe0bd2cfd006921df.jpg,Sanas,0
/kaggle/input/datasets/julianmedinamonje45/coffevision-leaf-cls/Sanas/C12P6E1_jpg.rf.e62882bdd64970ce11a1c477f6b745c7.jpg,Sanas,0
/kaggle/input/datasets/julianmedinamonje45/coffevision-leaf-cls/Enfermedad-Roya/C3P21H2_jpg.rf.8dcc0ef7e9bfc7a16b9ba2012699c034.jpg,Enfermedad-Roya,1
/kaggle/input/datasets/julianmedinamonje45/coffevision-leaf-cls/Enfermedad-Roya/C1P22H2_jpg.rf.cee44ce45da37a25a8500ff4b91af455.jpg,Enfermedad-Roya,1
/kaggle/input/datasets/julianmedinamonje45/coffevision-leaf-cls/Sanas/C6P11H1_jpg.rf.918b1ee186cf11b8192247563e9ebb6f.jpg,Sanas,0
/kaggle/input/datasets/julianmedinamonje45/coffevision-leaf-cls/Sanas/1431_jpg.rf.3b8ba73e2308dbcb8ad4046b8078d067.jpg,Sanas,0
/kaggle/input/datasets/julianmedinamonje45/coffevision-leaf-cls/Enfermedad-Roya/133_jpg.rf.6ea700f8674cd34a4da337c2ae58768e.jpg,Enfermedad-Roya,1
/kaggle/input/datasets/julianmedinamonje45/coffevision-leaf-cls/Enfermedad-Roya/C7P12H2_jpg.rf.ce5f2f93751bd9284cbeb0609aa93803.jpg,Enfermedad-Roya,1
/kaggle/input/datasets/julianmedinamonje45/coffevision-leaf-cls/Enfermedad-Roya/name142_jpg.rf.584e0ca379b0f553cf004b47cf2a598c.jpg,Enfermedad-Roya,1
/kaggle/input/datasets/julianmedinamonje45/coffevision-leaf-cls/Sanas/C3P26H1_jpg.rf.63b474be15c41ce1303bb13db3f4f516.jpg,Sanas,0
/kaggle/input/datasets/julianmedinamonje45/coffevision-leaf-cls/Enfermedad-Roya/name180_jpg.rf.fd8391a661b02d9068a73205afce96c2.jpg,Enfermedad-Roya,1
/kaggle/input/datasets/julianmedinamonje45/coffevision-leaf-cls/Enfermedad-Roya/C7P23E2_jpg.rf.1de6887aaabee84928bb3e19a7d296b1.jpg,Enfermedad-Roya,1
/kaggle/input/datasets/julianmedinamonje45/coffevision-leaf-cls/Sanas/C5P9E1_jpg.rf.7907f27a63e523aefdceb495deb86077.jpg,Sanas,0
/kaggle/input/datasets/julianmedinamonje45/coffevision-leaf-cls/Sanas/C11P35E1_jpg.rf.7b3a2ba9fb486e84b9f64bd1c149afd6.jpg,Sanas,0
/kaggle/input/datasets/julianmedinamonje45/coffevision-leaf-cls/Sanas/1077_jpg.rf.4ceb261227f3f868cad7369cb1c73b09.jpg,Sanas,0
/kaggle/input/datasets/julianmedinamonje45/coffevision-leaf-cls/Sanas/C8P13H2_jpg.rf.8bd43c43c30ce8fadf0e07eb466ea4ff.jpg,Sanas,0
/kaggle/input/datasets/julianmedinamonje45/coffevision-leaf-cls/Enfermedad-Roya/1578_jpg.rf.44c406ef871b1c068b561038ee310d9b.jpg,Enfermedad-Roya,1
/kaggle/input/datasets/julianmedinamonje45/coffevision-leaf-cls/Enfermedad-Roya/C11P6E2_jpg.rf.b9d12e05c87feb8de03f38d1583d9b2e.jpg,Enfermedad-Roya,1
/kaggle/input/datasets/julianmedinamonje45/coffevision-leaf-cls/Enfermedad-Roya/name168_jpg.rf.74c46d0158aa29ca806a797593efd33e.jpg,Enfermedad-Roya,1
/kaggle/input/datasets/julianmedinamonje45/coffevision-leaf-cls/Enfermedad-Roya/1516_jpg.rf.501ff8dba0d7e9ee3f0d533c279fd1c6.jpg,Enfermedad-Roya,1
/kaggle/input/datasets/julianmedinamonje45/coffevision-leaf-cls/Sanas/C1P10E1_jpg.rf.c30995930910a22c1374d80bfaa019b2.jpg,Sanas,0
/kaggle/input/datasets/julianmedinamonje45/coffevision-leaf-cls/Sanas/C12P12H1_jpg.rf.b898df48ae92797b5e736cdf6554cf6b.jpg,Sanas,0
/kaggle/input/datasets/julianmedinamonje45/coffevision-leaf-cls/Sanas/940_jpg.rf.c450ec8267788decf385a62fd92dfa37.jpg,Sanas,0
/kaggle/input/datasets/julianmedinamonje45/coffevision-leaf-cls/Sanas/C3P39E1_jpg.rf.ee0811792bd7269c23415455c39ec63f.jpg,Sanas,0
/kaggle/input/datasets/julianmedinamonje45/coffevision-leaf-cls/Enfermedad-Roya/name47_jpg.rf.972cb0572a123b456abbd095ae8b05e2.jpg,Enfermedad-Roya,1
/kaggle/input/datasets/julianmedinamonje45/coffevision-leaf-cls/Sanas/C2P4E1_jpg.rf.80d2f98ecb414b5c4ff594c36f29a495.jpg,Sanas,0
/kaggle/input/datasets/julianmedinamonje45/coffevision-leaf-cls/Enfermedad-Roya/C9P36H1_jpg.rf.6322a1cb7312ee8eeb583556015d78da.jpg,Enfermedad-Roya,1
/kaggle/input/datasets/julianmedinamonje45/coffevision-leaf-cls/Sanas/C3P32H1_jpg.rf.d075c8874cc7e727c591809aaaa525a1.jpg,Sanas,0
/kaggle/input/datasets/julianmedinamonje45/coffevision-leaf-cls/Sanas/1422_jpg.rf.b4f7be4a7c7e8a951522491c0df26032.jpg,Sanas,0
/kaggle/input/datasets/julianmedinamonje45/coffevision-leaf-cls/Enfermedad-Roya/C9P23H1_jpg.rf.016a284f0f42cb580ede9c0376aba59c.jpg,Enfermedad-Roya,1
/kaggle/input/datasets/julianmedinamonje45/coffevision-leaf-cls/Sanas/1628_jpg.rf.605cd055864c19df07414d5fb6803bf4.jpg,Sanas,0
/kaggle/input/datasets/julianmedinamonje45/coffevision-leaf-cls/Sanas/C3P12E1_jpg.rf.0519ffe3f842629012856c2eb8388d6b.jpg,Sanas,0
/kaggle/input/datasets/julianmedinamonje45/coffevision-leaf-cls/Sanas/C3P3E1_jpg.rf.5e46347622f020d7b322701c092aab09.jpg,Sanas,0
/kaggle/input/datasets/julianmedinamonje45/coffevision-leaf-cls/Sanas/C7P19H2_jpg.rf.7a8ee8f22bcc4947b2395a6e5c8c66c4.jpg,Sanas,0
/kaggle/input/datasets/julianmedinamonje45/coffevision-leaf-cls/Enfermedad-Roya/C7P6H1_jpg.rf.0b27e10eb231985aa8f5a8ce5fbf9b97.jpg,Enfermedad-Roya,1
/kaggle/input/datasets/julianmedinamonje45/coffevision-leaf-cls/Enfermedad-Roya/C10P17E2_jpg.rf.94f4c67b2d6bcd9005a7d165b6782a6f.jpg,Enfermedad-Roya,1
/kaggle/input/datasets/julianmedinamonje45/coffevision-leaf-cls/Enfermedad-Roya/C7P2E1_jpg.rf.c4dfbb6331220487836675c01acc9256.jpg,Enfermedad-Roya,1
/kaggle/input/datasets/julianmedinamonje45/coffevision-leaf-cls/Sanas/1407_jpg.rf.cb3401f049add7e6ad4565a5cfc66a49.jpg,Sanas,0
/kaggle/input/datasets/julianmedinamonje45/coffevision-leaf-cls/Enfermedad-Roya/name60_jpg.rf.793c9ec791481046e270cf43485c1ad9.jpg,Enfermedad-Roya,1
/kaggle/input/datasets/julianmedinamonje45/coffevision-leaf-cls/Sanas/1187_jpg.rf.8f7c112b1030fe28640dbbecf6ac788d.jpg,Sanas,0
/kaggle/input/datasets/julianmedinamonje45/coffevision-leaf-cls/Enfermedad-Roya/C1P27H2_jpg.rf.62da81e85822c31c8f35401cacb70dff.jpg,Enfermedad-Roya,1
/kaggle/input/datasets/julianmedinamonje45/coffevision-leaf-cls/Sanas/C6P36H1_jpg.rf.6fbbecc954ad878219aecc80c422a3eb.jpg,Sanas,0
/kaggle/input/datasets/julianmedinamonje45/coffevision-leaf-cls/Enfermedad-Roya/C7P17E2_jpg.rf.efe3e5d9393d467a3ba4c6bca095e723.jpg,Enfermedad-Roya,1
/kaggle/input/datasets/julianmedinamonje45/coffevision-leaf-cls/Enfermedad-Roya/C1P33H2_jpg.rf.6334d161a7fc5537a9c87f4d5a41908c.jpg,Enfermedad-Roya,1
/kaggle/input/datasets/julianmedinamonje45/coffevision-leaf-cls/Enfermedad-Roya/C10P15H2_jpg.rf.411476b500f6a054bb0afaadaaaf92b4.jpg,Enfermedad-Roya,1
/kaggle/input/datasets/julianmedinamonje45/coffevision-leaf-cls/Sanas/189_jpg.rf.41af7fdd55419d2a2466fdf1344f2a23.jpg,Sanas,0
/kaggle/input/datasets/julianmedinamonje45/coffevision-leaf-cls/Enfermedad-Roya/name289_jpg.rf.06b74f339454541b1e670a9dedf02b00.jpg,Enfermedad-Roya,1
/kaggle/input/datasets/julianmedinamonje45/coffevision-leaf-cls/Sanas/C11P6H1_jpg.rf.794009f116d5afbfdc6c57de912cd1e5.jpg,Sanas,0
/kaggle/input/datasets/julianmedinamonje45/coffevision-leaf-cls/Enfermedad-Roya/name287_jpg.rf.4924f62600e008d29be6bba868cc30fd.jpg,Enfermedad-Roya,1
/kaggle/input/datasets/julianmedinamonje45/coffevision-leaf-cls/Sanas/844_jpg.rf.a49f039dfdf9f7439347d2787dac44cf.jpg,Sanas,0
/kaggle/input/datasets/julianmedinamonje45/coffevision-leaf-cls/Enfermedad-Roya/C5P33H1_jpg.rf.e2547fd1f8d63fcc4563f70ad6c9e634.jpg,Enfermedad-Roya,1
/kaggle/input/datasets/julianmedinamonje45/coffevision-leaf-cls/Sanas/C5P12E2_jpg.rf.c9ec5189156aea81ba4a2079b91cd911.jpg,Sanas,0
/kaggle/input/datasets/julianmedinamonje45/coffevision-leaf-cls/Sanas/C6P8H1_jpg.rf.8eaff2e405ac9c366207deaaf644990a.jpg,Sanas,0
/kaggle/input/datasets/julianmedinamonje45/coffevision-leaf-cls/Enfermedad-Roya/C5P16H2_jpg.rf.3b7d0a18487511bfaac48789cd9aaf99.jpg,Enfermedad-Roya,1
/kaggle/input/datasets/julianmedinamonje45/coffevision-leaf-cls/Sanas/C3P20H1_jpg.rf.e75f4ba697eb8e3497ca56c4be120120.jpg,Sanas,0
/kaggle/input/datasets/julianmedinamonje45/coffevision-leaf-cls/Sanas/C9P29H2_jpg.rf.cde10e1face8861602912ac70c10c061.jpg,Sanas,0
/kaggle/input/datasets/julianmedinamonje45/coffevision-leaf-cls/Sanas/C8P37E1_jpg.rf.3bc74a4d08449496c9e60c42cdd515ca.jpg,Sanas,0
/kaggle/input/datasets/julianmedinamonje45/coffevision-leaf-cls/Sanas/C12P9E1_jpg.rf.141a0bc37a1f38474df493ab0695e48c.jpg,Sanas,0
/kaggle/input/datasets/julianmedinamonje45/coffevision-leaf-cls/Enfermedad-Roya/C8P22E1_jpg.rf.acbdb274831d40363c302108e3e1ac05.jpg,Enfermedad-Roya,1
/kaggle/input/datasets/julianmedinamonje45/coffevision-leaf-cls/Enfermedad-Roya/C3P31E2_jpg.rf.1839b9175618cda5aca1666f2c45d994.jpg,Enfermedad-Roya,1
/kaggle/input/datasets/julianmedinamonje45/coffevision-leaf-cls/Sanas/C4P10H1_jpg.rf.288eb3798a97065cab68383d43f30470.jpg,Sanas,0
/kaggle/input/datasets/julianmedinamonje45/coffevision-leaf-cls/Enfermedad-Roya/C10P5H1_jpg.rf.b4f5d5b39c7ae993c332df478acc262f.jpg,Enfermedad-Roya,1
/kaggle/input/datasets/julianmedinamonje45/coffevision-leaf-cls/Sanas/C5P29E1_jpg.rf.02184c3fbea721eec4778c3e4cb2a6f1.jpg,Sanas,0
/kaggle/input/datasets/julianmedinamonje45/coffevision-leaf-cls/Enfermedad-Roya/C6P4E2_jpg.rf.2742d9fcdbbac3bb9769b964c3cdac11.jpg,Enfermedad-Roya,1
/kaggle/input/datasets/julianmedinamonje45/coffevision-leaf-cls/Sanas/1206_jpg.rf.49773304eefb60280a414bdb95622196.jpg,Sanas,0
/kaggle/input/datasets/julianmedinamonje45/coffevision-leaf-cls/Sanas/1078_jpg.rf.ddfd6f62771bf96096be5d84c1e906e6.jpg,Sanas,0
/kaggle/input/datasets/julianmedinamonje45/coffevision-leaf-cls/Enfermedad-Roya/C7P25H1_jpg.rf.30b59389bf345b8f712d1a298f551f0f.jpg,Enfermedad-Roya,1
/kaggle/input/datasets/julianmedinamonje45/coffevision-leaf-cls/Sanas/C11P32H1_jpg.rf.aa1f4ce45ef88c01a4a5163dcb319ed8.jpg,Sanas,0
/kaggle/input/datasets/julianmedinamonje45/coffevision-leaf-cls/Sanas/1188_jpg.rf.5464e7650a54305261539abf8b717d38.jpg,Sanas,0
/kaggle/input/datasets/julianmedinamonje45/coffevision-leaf-cls/Enfermedad-Roya/name256_jpg.rf.732ad57eac6599ad2ad697c7cb03c760.jpg,Enfermedad-Roya,1
/kaggle/input/datasets/julianmedinamonje45/coffevision-leaf-cls/Enfermedad-Roya/C9P5E1_jpg.rf.4eae94b8eff056eb4e95a6a5d64b3285.jpg,Enfermedad-Roya,1
/kaggle/input/datasets/julianmedinamonje45/coffevision-leaf-cls/Enfermedad-Roya/C5P40E2_jpg.rf.17acc56060bacc91d10b8bceb926b614.jpg,Enfermedad-Roya,1
/kaggle/input/datasets/julianmedinamonje45/coffevision-leaf-cls/Enfermedad-Roya/174_jpg.rf.40cceeb389f593ef8e26a2c29f945c96.jpg,Enfermedad-Roya,1
/kaggle/input/datasets/julianmedinamonje45/coffevision-leaf-cls/Enfermedad-Roya/1351_jpg.rf.c0751bb6869243fc15e39d2940b4feb2.jpg,Enfermedad-Roya,1
/kaggle/input/datasets/julianmedinamonje45/coffevision-leaf-cls/Enfermedad-Roya/name35_jpg.rf.7d45a5ca01090abaea53109e0402d48d.jpg,Enfermedad-Roya,1
/kaggle/input/datasets/julianmedinamonje45/coffevision-leaf-cls/Sanas/C8P28E1_jpg.rf.7eecdef5fac40fe282838d487ab52568.jpg,Sanas,0
/kaggle/input/datasets/julianmedinamonje45/coffevision-leaf-cls/Enfermedad-Roya/1453_jpg.rf.6e101992b5c2556f257f4686049104a9.jpg,Enfermedad-Roya,1
/kaggle/input/datasets/julianmedinamonje45/coffevision-leaf-cls/Enfermedad-Roya/165_jpg.rf.804fb4d31f0ddf8f09c6175c4d482888.jpg,Enfermedad-Roya,1
/kaggle/input/datasets/julianmedinamonje45/coffevision-leaf-cls/Sanas/1063_jpg.rf.a2960551b040e7638e4206cafe42b7d7.jpg,Sanas,0
/kaggle/input/datasets/julianmedinamonje45/coffevision-leaf-cls/Enfermedad-Roya/name106_jpg.rf.e05e181b03c97eb105b370f54f9461ff.jpg,Enfermedad-Roya,1
/kaggle/input/datasets/julianmedinamonje45/coffevision-leaf-cls/Enfermedad-Roya/1655_jpg.rf.a72b12836ee3f62f58933bcb60191c84.jpg,Enfermedad-Roya,1
/kaggle/input/datasets/julianmedinamonje45/coffevision-leaf-cls/Enfermedad-Roya/C8P4E1_jpg.rf.d8b1a94e049f9e8dd65efb484db6285c.jpg,Enfermedad-Roya,1
/kaggle/input/datasets/julianmedinamonje45/coffevision-leaf-cls/Enfermedad-Roya/1520_jpg.rf.968c3f21735c1e204b6a68e2a6bcf44e.jpg,Enfermedad-Roya,1
/kaggle/input/datasets/julianmedinamonje45/coffevision-leaf-cls/Sanas/C6P25E2_jpg.rf.bfbe141359b1e4b576455cc24453cd7f.jpg,Sanas,0
/kaggle/input/datasets/julianmedinamonje45/coffevision-leaf-cls/Enfermedad-Roya/C9P3H1_jpg.rf.0756d8eb8aaedbc4a9b1cf1dbe36c6b2.jpg,Enfermedad-Roya,1
/kaggle/input/datasets/julianmedinamonje45/coffevision-leaf-cls/Sanas/1213_jpg.rf.1e05dbcabe7039af1304e98849234d4f.jpg,Sanas,0
/kaggle/input/datasets/julianmedinamonje45/coffevision-leaf-cls/Sanas/1299_jpg.rf.daac254d78f1f325bc9218ffe96b6e16.jpg,Sanas,0
/kaggle/input/datasets/julianmedinamonje45/coffevision-leaf-cls/Sanas/C7P11H2_jpg.rf.3c1cd85f7009249322284c5521ea5f79.jpg,Sanas,0
/kaggle/input/datasets/julianmedinamonje45/coffevision-leaf-cls/Sanas/C9P19H2_jpg.rf.27f0ebcbad649f5551c9856b29d2386c.jpg,Sanas,0
/kaggle/input/datasets/julianmedinamonje45/coffevision-leaf-cls/Sanas/C1P9H1_jpg.rf.52ec859c3b4720945cd278145460c0ce.jpg,Sanas,0
/kaggle/input/datasets/julianmedinamonje45/coffevision-leaf-cls/Sanas/C6P32H2_jpg.rf.74f0d129dd522b4bf5af2f53aee66754.jpg,Sanas,0
/kaggle/input/datasets/julianmedinamonje45/coffevision-leaf-cls/Enfermedad-Roya/C6P37H1_jpg.rf.dbf51226b2a0825d8241a524cb4db9a8.jpg,Enfermedad-Roya,1
/kaggle/input/datasets/julianmedinamonje45/coffevision-leaf-cls/Sanas/C7P35H1_jpg.rf.e44e27ed4c8e50b072c88347086200a9.jpg,Sanas,0
/kaggle/input/datasets/julianmedinamonje45/coffevision-leaf-cls/Sanas/1190_jpg.rf.f0f07a923314ec67e8a1b8a4894fdb19.jpg,Sanas,0
/kaggle/input/datasets/julianmedinamonje45/coffevision-leaf-cls/Enfermedad-Roya/1088_jpg.rf.ba6fea1e5fb0643ac7e671d657acd1e8.jpg,Enfermedad-Roya,1
/kaggle/input/datasets/julianmedinamonje45/coffevision-leaf-cls/Enfermedad-Roya/name102_jpg.rf.26ee90b90b78c3941b2dd37b69648e8f.jpg,Enfermedad-Roya,1
/kaggle/input/datasets/julianmedinamonje45/coffevision-leaf-cls/Enfermedad-Roya/C4P37H2_jpg.rf.80a3e13c681e82c5658bd28408259c35.jpg,Enfermedad-Roya,1
/kaggle/input/datasets/julianmedinamonje45/coffevision-leaf-cls/Sanas/1381_jpg.rf.901e8734ec02c2f4efe206be72a1c48e.jpg,Sanas,0
/kaggle/input/datasets/julianmedinamonje45/coffevision-leaf-cls/Sanas/C9P24E2_jpg.rf.a1a63b085bace611c8351264c85e85c6.jpg,Sanas,0
/kaggle/input/datasets/julianmedinamonje45/coffevision-leaf-cls/Enfermedad-Roya/C7P16H2_jpg.rf.424551365a19ddd7c14b84b58859dd76.jpg,Enfermedad-Roya,1
/kaggle/input/datasets/julianmedinamonje45/coffevision-leaf-cls/Sanas/C1P35H1_jpg.rf.e4aa90b3983161b5f64c573a5278f84b.jpg,Sanas,0
/kaggle/input/datasets/julianmedinamonje45/coffevision-leaf-cls/Sanas/C6P36E1_jpg.rf.05c4d91931f3e44a4a6e48e175bbc197.jpg,Sanas,0
/kaggle/input/datasets/julianmedinamonje45/coffevision-leaf-cls/Sanas/C6P34H2_jpg.rf.bf7c6b9fea0426c931b266b5b0404304.jpg,Sanas,0
/kaggle/input/datasets/julianmedinamonje45/coffevision-leaf-cls/Enfermedad-Roya/C3P8H2_jpg.rf.14ed1adfec7f2c70206a679c9d07b155.jpg,Enfermedad-Roya,1
/kaggle/input/datasets/julianmedinamonje45/coffevision-leaf-cls/Sanas/C7P2E2_jpg.rf.c38320fc4c1d8c1e916a456cd49b6f03.jpg,Sanas,0
/kaggle/input/datasets/julianmedinamonje45/coffevision-leaf-cls/Sanas/926_jpg.rf.126ae138fb2bf5f5de3aec6e15fddcbd.jpg,Sanas,0
/kaggle/input/datasets/julianmedinamonje45/coffevision-leaf-cls/Sanas/C8P8H2_jpg.rf.4d71e7ada48fc3dbbc6a6339d89f1fd6.jpg,Sanas,0
/kaggle/input/datasets/julianmedinamonje45/coffevision-leaf-cls/Sanas/C10P21H1_jpg.rf.a852aa2c7d384922dabef5f022a0e154.jpg,Sanas,0
/kaggle/input/datasets/julianmedinamonje45/coffevision-leaf-cls/Sanas/C8P3E2_jpg.rf.3dc1dd90f304243532e0803128c70e00.jpg,Sanas,0
/kaggle/input/datasets/julianmedinamonje45/coffevision-leaf-cls/Enfermedad-Roya/name251_jpg.rf.a18e1f5c8d7c1c939190e8b1c517b626.jpg,Enfermedad-Roya,1
/kaggle/input/datasets/julianmedinamonje45/coffevision-leaf-cls/Sanas/C2P13E1_jpg.rf.005dc898e40d047d18d43d17bc5131f8.jpg,Sanas,0
/kaggle/input/datasets/julianmedinamonje45/coffevision-leaf-cls/Sanas/C1P18E1_jpg.rf.5b7c62392eed03b2d509a18786546041.jpg,Sanas,0
/kaggle/input/datasets/julianmedinamonje45/coffevision-leaf-cls/Enfermedad-Roya/name114_jpg.rf.86348a2001aaf4d5c578c1d86f53d9c4.jpg,Enfermedad-Roya,1
/kaggle/input/datasets/julianmedinamonje45/coffevision-leaf-cls/Sanas/C1P29E1_jpg.rf.5facf1e41c2051bbf4691c25fe866e7b.jpg,Sanas,0
/kaggle/input/datasets/julianmedinamonje45/coffevision-leaf-cls/Enfermedad-Roya/C2P22H2_jpg.rf.3537ed154b4f1f78f0ae5de43bd4d242.jpg,Enfermedad-Roya,1
/kaggle/input/datasets/julianmedinamonje45/coffevision-leaf-cls/Sanas/689_jpg.rf.6c3af822f5b8b5a1555f341de1237773.jpg,Sanas,0
/kaggle/input/datasets/julianmedinamonje45/coffevision-leaf-cls/Sanas/C1P7E1_jpg.rf.3d823327245262d90e9d9881802d6d87.jpg,Sanas,0
/kaggle/input/datasets/julianmedinamonje45/coffevision-leaf-cls/Enfermedad-Roya/C1P10H2_jpg.rf.b5199fe68f40faa499685ea56891b7e8.jpg,Enfermedad-Roya,1
/kaggle/input/datasets/julianmedinamonje45/coffevision-leaf-cls/Sanas/C10P25H1_jpg.rf.c93cb09cc3b93c1848cd2f75502ebd00.jpg,Sanas,0
/kaggle/input/datasets/julianmedinamonje45/coffevision-leaf-cls/Sanas/C10P38E1_jpg.rf.6e5edbfaec67c14112a82349dfea16b1.jpg,Sanas,0
/kaggle/input/datasets/julianmedinamonje45/coffevision-leaf-cls/Sanas/C12P20E1_jpg.rf.bddea6c18d22528f33b758e8150675f9.jpg,Sanas,0
/kaggle/input/datasets/julianmedinamonje45/coffevision-leaf-cls/Sanas/1416_jpg.rf.b6e08e2de1b663dee46826ee022150f3.jpg,Sanas,0
/kaggle/input/datasets/julianmedinamonje45/coffevision-leaf-cls/Sanas/C9P28E2_jpg.rf.05bfaa7333b6953156b1295674780e01.jpg,Sanas,0
/kaggle/input/datasets/julianmedinamonje45/coffevision-leaf-cls/Sanas/C1P22H1_jpg.rf.91f10d8c05eafdf9cc56cb5f04c199e0.jpg,Sanas,0
/kaggle/input/datasets/julianmedinamonje45/coffevision-leaf-cls/Sanas/999_jpg.rf.d1ad4df8e9d2de6201565e1121554167.jpg,Sanas,0
/kaggle/input/datasets/julianmedinamonje45/coffevision-leaf-cls/Enfermedad-Roya/1564_jpg.rf.531e9a5b37f56db4cd59811000580d28.jpg,Enfermedad-Roya,1
/kaggle/input/datasets/julianmedinamonje45/coffevision-leaf-cls/Sanas/C5P6H1_jpg.rf.76bf1526050d37c00dbbc7066e3a7788.jpg,Sanas,0
/kaggle/input/datasets/julianmedinamonje45/coffevision-leaf-cls/Enfermedad-Roya/C6P21H1_jpg.rf.0e1370d0002a8eb8c0076fd0704afdb6.jpg,Enfermedad-Roya,1
/kaggle/input/datasets/julianmedinamonje45/coffevision-leaf-cls/Enfermedad-Roya/name228_jpg.rf.f48366dad2f6f680a4f176d1de09ee20.jpg,Enfermedad-Roya,1
/kaggle/input/datasets/julianmedinamonje45/coffevision-leaf-cls/Sanas/C10P14E1_jpg.rf.5a0e26a29e18e6d3136b35d3b2093211.jpg,Sanas,0
/kaggle/input/datasets/julianmedinamonje45/coffevision-leaf-cls/Sanas/C6P20H1_jpg.rf.ccbbff5e429e4de7c965351dfe20527e.jpg,Sanas,0
/kaggle/input/datasets/julianmedinamonje45/coffevision-leaf-cls/Enfermedad-Roya/C12P14H2_jpg.rf.b89ce907d0e6220b6d3bb65cafaf227f.jpg,Enfermedad-Roya,1
/kaggle/input/datasets/julianmedinamonje45/coffevision-leaf-cls/Sanas/C5P32E1_jpg.rf.46e5f6ffc8eaa9d01ae5698812c5ac37.jpg,Sanas,0
/kaggle/input/datasets/julianmedinamonje45/coffevision-leaf-cls/Sanas/C10P20E1_jpg.rf.29f2a7811f4fa5b2881a9e6c41c9e729.jpg,Sanas,0
/kaggle/input/datasets/julianmedinamonje45/coffevision-leaf-cls/Sanas/943_jpg.rf.321be4fd53b1466138bbf1d55cabd1ce.jpg,Sanas,0
/kaggle/input/datasets/julianmedinamonje45/coffevision-leaf-cls/Enfermedad-Roya/C8P16H1_jpg.rf.9fcb9e55ca323d010b2cfee0d0683a21.jpg,Enfermedad-Roya,1
/kaggle/input/datasets/julianmedinamonje45/coffevision-leaf-cls/Sanas/C12P23H1_jpg.rf.4d79236bf70cd97af2db760d26520fcd.jpg,Sanas,0
/kaggle/input/datasets/julianmedinamonje45/coffevision-leaf-cls/Enfermedad-Roya/1089_jpg.rf.898a7502719c8c0a2765f52eb29db002.jpg,Enfermedad-Roya,1
/kaggle/input/datasets/julianmedinamonje45/coffevision-leaf-cls/Enfermedad-Roya/C7P36H2_jpg.rf.4b3faa9e30412c600ced234e24c32f8e.jpg,Enfermedad-Roya,1
/kaggle/input/datasets/julianmedinamonje45/coffevision-leaf-cls/Sanas/C3P2H1_jpg.rf.5983ae7c462fc893852ea502b60fa953.jpg,Sanas,0
/kaggle/input/datasets/julianmedinamonje45/coffevision-leaf-cls/Sanas/C4P37H1_jpg.rf.22c03cd2bbf8c5ad6a2dc111307eac84.jpg,Sanas,0
/kaggle/input/datasets/julianmedinamonje45/coffevision-leaf-cls/Sanas/C3P25E1_jpg.rf.2fa891ab5f5c1c1c7a8e9f1972ca31b6.jpg,Sanas,0
/kaggle/input/datasets/julianmedinamonje45/coffevision-leaf-cls/Sanas/C3P29E1_jpg.rf.3f58c342c4676bed96618f4e0182aca9.jpg,Sanas,0
/kaggle/input/datasets/julianmedinamonje45/coffevision-leaf-cls/Sanas/789_jpg.rf.e8c7f832544119106fefd0c5f8b25cda.jpg,Sanas,0
/kaggle/input/datasets/julianmedinamonje45/coffevision-leaf-cls/Sanas/743_jpg.rf.fe469918629415d62194e14550234dc7.jpg,Sanas,0
/kaggle/input/datasets/julianmedinamonje45/coffevision-leaf-cls/Enfermedad-Roya/C7P7H2_jpg.rf.162791426750b269190eb8bba55484cb.jpg,Enfermedad-Roya,1
/kaggle/input/datasets/julianmedinamonje45/coffevision-leaf-cls/Sanas/C12P1E1_jpg.rf.27d5f7813b84a5e193dc7a3693eaa180.jpg,Sanas,0
/kaggle/input/datasets/julianmedinamonje45/coffevision-leaf-cls/Sanas/C4P19E1_jpg.rf.2376a1838b77687e491664d14199f3b9.jpg,Sanas,0
/kaggle/input/datasets/julianmedinamonje45/coffevision-leaf-cls/Sanas/C6P24E1_jpg.rf.fb71c0af2b5860fdef0e3a2fe17e6d15.jpg,Sanas,0
/kaggle/input/datasets/julianmedinamonje45/coffevision-leaf-cls/Enfermedad-Roya/name201_jpg.rf.eb2fb8633ad2816738307729a127be12.jpg,Enfermedad-Roya,1
/kaggle/input/datasets/julianmedinamonje45/coffevision-leaf-cls/Enfermedad-Roya/1029_jpg.rf.c59f0b3ebec20432a41071c6ab9647ab.jpg,Enfermedad-Roya,1
/kaggle/input/datasets/julianmedinamonje45/coffevision-leaf-cls/Sanas/1209_jpg.rf.62be4817cc658468aecea5a65d8202e7.jpg,Sanas,0
/kaggle/input/datasets/julianmedinamonje45/coffevision-leaf-cls/Sanas/788_jpg.rf.ee1b371e6a0d4a645adddda3f6ca25aa.jpg,Sanas,0
/kaggle/input/datasets/julianmedinamonje45/coffevision-leaf-cls/Enfermedad-Roya/C3P14H2_jpg.rf.8ce05a93fbf829fe28f26f1529fbac66.jpg,Enfermedad-Roya,1
/kaggle/input/datasets/julianmedinamonje45/coffevision-leaf-cls/Sanas/C8P4E2_jpg.rf.04dfd5e49eec27e2b55e36116ab2641a.jpg,Sanas,0
/kaggle/input/datasets/julianmedinamonje45/coffevision-leaf-cls/Enfermedad-Roya/1532_jpg.rf.cab87fae96832f492193b8d81bbbdb93.jpg,Enfermedad-Roya,1
/kaggle/input/datasets/julianmedinamonje45/coffevision-leaf-cls/Enfermedad-Roya/C5P35E2_jpg.rf.ee5516b398b1f3dd64abaf8bf63e7ee6.jpg,Enfermedad-Roya,1
/kaggle/input/datasets/julianmedinamonje45/coffevision-leaf-cls/Sanas/C12P15H1_jpg.rf.0fa702f0dceaab58135ddb45afc49bd4.jpg,Sanas,0
/kaggle/input/datasets/julianmedinamonje45/coffevision-leaf-cls/Sanas/1193_jpg.rf.3397b0eb50b01d425cac8c9f9a34b4cb.jpg,Sanas,0
/kaggle/input/datasets/julianmedinamonje45/coffevision-leaf-cls/Sanas/C10P14H1_jpg.rf.aefa1840c0dd012ed0ce2567ebc4aa22.jpg,Sanas,0
/kaggle/input/datasets/julianmedinamonje45/coffevision-leaf-cls/Enfermedad-Roya/C4P39H2_jpg.rf.bf151b291fc140055e1f214ec9f6c546.jpg,Enfermedad-Roya,1
/kaggle/input/datasets/julianmedinamonje45/coffevision-leaf-cls/Enfermedad-Roya/1518_jpg.rf.0be4bdf103c743839ce2b1c887923f9a.jpg,Enfermedad-Roya,1
/kaggle/input/datasets/julianmedinamonje45/coffevision-leaf-cls/Enfermedad-Roya/C9P11H1_jpg.rf.617cf280e233643013520790a6628675.jpg,Enfermedad-Roya,1
/kaggle/input/datasets/julianmedinamonje45/coffevision-leaf-cls/Enfermedad-Roya/1440_jpg.rf.c59de1481818cbdc53075939a3824c2e.jpg,Enfermedad-Roya,1
/kaggle/input/datasets/julianmedinamonje45/coffevision-leaf-cls/Enfermedad-Roya/C3P29H2_jpg.rf.0c35332c21ab2446581418dc367b948e.jpg,Enfermedad-Roya,1
/kaggle/input/datasets/julianmedinamonje45/coffevision-leaf-cls/Sanas/C6P13H1_jpg.rf.ea166d4b89a74e97f6f171e824994682.jpg,Sanas,0
/kaggle/input/datasets/julianmedinamonje45/coffevision-leaf-cls/Sanas/C11P37E1_jpg.rf.39e44292d681df011a0b6d63881ea01d.jpg,Sanas,0
/kaggle/input/datasets/julianmedinamonje45/coffevision-leaf-cls/Enfermedad-Roya/C1P7H2_jpg.rf.04278f3d774968de460d0bd48e90f90e.jpg,Enfermedad-Roya,1
/kaggle/input/datasets/julianmedinamonje45/coffevision-leaf-cls/Sanas/C10P7E1_jpg.rf.d2f445651f495e058aa114fe5c1102c6.jpg,Sanas,0
/kaggle/input/datasets/julianmedinamonje45/coffevision-leaf-cls/Sanas/C10P38H1_jpg.rf.4e9fccca1067f4e241657b2ff62e22da.jpg,Sanas,0
/kaggle/input/datasets/julianmedinamonje45/coffevision-leaf-cls/Sanas/C4P24E1_jpg.rf.e0caf518244d179f0fc665465e44c33e.jpg,Sanas,0
/kaggle/input/datasets/julianmedinamonje45/coffevision-leaf-cls/Enfermedad-Roya/1637_jpg.rf.3b84e44442dbd459ad66b75297a16507.jpg,Enfermedad-Roya,1
/kaggle/input/datasets/julianmedinamonje45/coffevision-leaf-cls/Sanas/C11P31H1_jpg.rf.0bae7b9daec47f4805b496bb0eb9ab32.jpg,Sanas,0
/kaggle/input/datasets/julianmedinamonje45/coffevision-leaf-cls/Enfermedad-Roya/1588_jpg.rf.cb988f0903244d80f2f3053d49a9a7ab.jpg,Enfermedad-Roya,1
/kaggle/input/datasets/julianmedinamonje45/coffevision-leaf-cls/Sanas/C4P25H1_jpg.rf.524a726a21e3ccd917d3c2f0f604d330.jpg,Sanas,0
/kaggle/input/datasets/julianmedinamonje45/coffevision-leaf-cls/Enfermedad-Roya/C7P22E1_jpg.rf.85be6d90bef641262926faec7893be56.jpg,Enfermedad-Roya,1
/kaggle/input/datasets/julianmedinamonje45/coffevision-leaf-cls/Enfermedad-Roya/1648_jpg.rf.204b3470ebf831b9e2759b94d4cd84d3.jpg,Enfermedad-Roya,1
/kaggle/input/datasets/julianmedinamonje45/coffevision-leaf-cls/Sanas/C2P12H1_jpg.rf.c2da1e8fdebee413bdfe4c80f0b6172a.jpg,Sanas,0
/kaggle/input/datasets/julianmedinamonje45/coffevision-leaf-cls/Enfermedad-Roya/C6P13H2_jpg.rf.d127ce303fcffb592e1bd6253701ec2f.jpg,Enfermedad-Roya,1
/kaggle/input/datasets/julianmedinamonje45/coffevision-leaf-cls/Sanas/5_jpg.rf.114c2726d9cc4f2723e67ba5a72b6666.jpg,Sanas,0
/kaggle/input/datasets/julianmedinamonje45/coffevision-leaf-cls/Enfermedad-Roya/1607_jpg.rf.b5eb8412a8a303a53924b4496b14cbb7.jpg,Enfermedad-Roya,1
/kaggle/input/datasets/julianmedinamonje45/coffevision-leaf-cls/Sanas/C5P33H2_jpg.rf.32eb15308b59c4e81853908990bfe2d2.jpg,Sanas,0
/kaggle/input/datasets/julianmedinamonje45/coffevision-leaf-cls/Enfermedad-Roya/name137_jpg.rf.cdf315dfe016829d32d664423d0abfa4.jpg,Enfermedad-Roya,1
/kaggle/input/datasets/julianmedinamonje45/coffevision-leaf-cls/Enfermedad-Roya/C4P38H2_jpg.rf.5cf1c498d44d27278fdb61cba4d6395d.jpg,Enfermedad-Roya,1
/kaggle/input/datasets/julianmedinamonje45/coffevision-leaf-cls/Enfermedad-Roya/C5P10H1_jpg.rf.ef610c93c10f986484d9fc6bb0d8a4eb.jpg,Enfermedad-Roya,1
/kaggle/input/datasets/julianmedinamonje45/coffevision-leaf-cls/Sanas/206_jpg.rf.ef635a04b0125c26cc61ce58b3ba4f11.jpg,Sanas,0
/kaggle/input/datasets/julianmedinamonje45/coffevision-leaf-cls/Sanas/C7P13E1_jpg.rf.315e9fab2edc7e1af4ddf88f09568e98.jpg,Sanas,0
/kaggle/input/datasets/julianmedinamonje45/coffevision-leaf-cls/Sanas/1176_jpg.rf.6e6644d79674d143f1b999e25e0ff5fe.jpg,Sanas,0
/kaggle/input/datasets/julianmedinamonje45/coffevision-leaf-cls/Sanas/942_jpg.rf.1369bb5d51fdf1f90f15e092377b8527.jpg,Sanas,0
/kaggle/input/datasets/julianmedinamonje45/coffevision-leaf-cls/Sanas/C12P16H1_jpg.rf.66c72278c10aec03dc23fcf164487b0d.jpg,Sanas,0
/kaggle/input/datasets/julianmedinamonje45/coffevision-leaf-cls/Enfermedad-Roya/name156_jpg.rf.c207cd5188379dda217e06479c332237.jpg,Enfermedad-Roya,1
/kaggle/input/datasets/julianmedinamonje45/coffevision-leaf-cls/Enfermedad-Roya/C8P5H1_jpg.rf.af8e698fb7f3c0b49033ae5a8cabc8fd.jpg,Enfermedad-Roya,1
/kaggle/input/datasets/julianmedinamonje45/coffevision-leaf-cls/Sanas/C2P38E1_jpg.rf.c404e8d74ded365f8cc1b0089db8efce.jpg,Sanas,0
/kaggle/input/datasets/julianmedinamonje45/coffevision-leaf-cls/Sanas/C11P35H1_jpg.rf.e5bdca8809c5ed1aff6186886e6ef0b7.jpg,Sanas,0
/kaggle/input/datasets/julianmedinamonje45/coffevision-leaf-cls/Sanas/C6P9E1_jpg.rf.d7702c2d4e096cb6254559a9d916f0ee.jpg,Sanas,0
/kaggle/input/datasets/julianmedinamonje45/coffevision-leaf-cls/Enfermedad-Roya/C10P15E2_jpg.rf.ba6c95890e318a69fb5e272d15374f21.jpg,Enfermedad-Roya,1
/kaggle/input/datasets/julianmedinamonje45/coffevision-leaf-cls/Enfermedad-Roya/name276_jpg.rf.ff31c0c071ac147b8db65e8fd2924059.jpg,Enfermedad-Roya,1
/kaggle/input/datasets/julianmedinamonje45/coffevision-leaf-cls/Sanas/C11P11H1_jpg.rf.0eda9a10bc33e44ed3a49daad660c42f.jpg,Sanas,0
/kaggle/input/datasets/julianmedinamonje45/coffevision-leaf-cls/Sanas/1424_jpg.rf.60d202a89594a601d698fd16cd5d5355.jpg,Sanas,0
/kaggle/input/datasets/julianmedinamonje45/coffevision-leaf-cls/Sanas/722_jpg.rf.e3cf408a8d1aff118472594df5c779ec.jpg,Sanas,0
/kaggle/input/datasets/julianmedinamonje45/coffevision-leaf-cls/Sanas/C9P13E2_jpg.rf.d89c1e8876c97b995de62713d2cdf87c.jpg,Sanas,0
/kaggle/input/datasets/julianmedinamonje45/coffevision-leaf-cls/Sanas/744_jpg.rf.562033b7f3987c5f1420b143dbb38e37.jpg,Sanas,0
/kaggle/input/datasets/julianmedinamonje45/coffevision-leaf-cls/Enfermedad-Roya/name170_jpg.rf.2cadec8b92894ed8cf59012244767ff2.jpg,Enfermedad-Roya,1
/kaggle/input/datasets/julianmedinamonje45/coffevision-leaf-cls/Enfermedad-Roya/C1P3H2_jpg.rf.24fc6118885989557a9e256b9e68dce7.jpg,Enfermedad-Roya,1
/kaggle/input/datasets/julianmedinamonje45/coffevision-leaf-cls/Sanas/850_jpg.rf.51e71372943fa6e5c9b016d27a841e22.jpg,Sanas,0
/kaggle/input/datasets/julianmedinamonje45/coffevision-leaf-cls/Sanas/C11P20H1_jpg.rf.4ac1446f7ba7a6a5bf9c3a95ea379afc.jpg,Sanas,0
/kaggle/input/datasets/julianmedinamonje45/coffevision-leaf-cls/Sanas/1656_jpg.rf.6675c5d53ed21fbdcb7176095c9bb30a.jpg,Sanas,0
/kaggle/input/datasets/julianmedinamonje45/coffevision-leaf-cls/Enfermedad-Roya/C7P16E1_jpg.rf.db8b97cea61484b9b817f9d4e1d54edb.jpg,Enfermedad-Roya,1
/kaggle/input/datasets/julianmedinamonje45/coffevision-leaf-cls/Enfermedad-Roya/142_jpg.rf.d402ac43a76ce2326001c3f33232d985.jpg,Enfermedad-Roya,1
/kaggle/input/datasets/julianmedinamonje45/coffevision-leaf-cls/Enfermedad-Roya/C1P26E2_jpg.rf.8f9fb7639e8af9eb1e4d545c849e54bb.jpg,Enfermedad-Roya,1
/kaggle/input/datasets/julianmedinamonje45/coffevision-leaf-cls/Sanas/C4P30H1_jpg.rf.744ed698eb1bcc67093f74a1670b3ff3.jpg,Sanas,0
/kaggle/input/datasets/julianmedinamonje45/coffevision-leaf-cls/Enfermedad-Roya/C3P35H2_jpg.rf.62588d4b00d275d5d6b2de183cf4f4d3.jpg,Enfermedad-Roya,1
/kaggle/input/datasets/julianmedinamonje45/coffevision-leaf-cls/Enfermedad-Roya/name315_jpg.rf.f6ff32723fc2a0be3eb50132785b66d2.jpg,Enfermedad-Roya,1
/kaggle/input/datasets/julianmedinamonje45/coffevision-leaf-cls/Enfermedad-Roya/name196_jpg.rf.7e3ee52975434893247734ca4e783832.jpg,Enfermedad-Roya,1
/kaggle/input/datasets/julianmedinamonje45/coffevision-leaf-cls/Enfermedad-Roya/C7P21E2_jpg.rf.41b46bf076ca6e2c18c3ba3f880ab480.jpg,Enfermedad-Roya,1
/kaggle/input/datasets/julianmedinamonje45/coffevision-leaf-cls/Sanas/C6P25E1_jpg.rf.8b4dfc015843c3c51804f14dd014c7c7.jpg,Sanas,0
/kaggle/input/datasets/julianmedinamonje45/coffevision-leaf-cls/Enfermedad-Roya/C6P16E2_jpg.rf.ee085acffa2638dad895427aa861f31a.jpg,Enfermedad-Roya,1
/kaggle/input/datasets/julianmedinamonje45/coffevision-leaf-cls/Enfermedad-Roya/C6P8H2_jpg.rf.e2acd0cd8c197b6e93ad35f2b7434a93.jpg,Enfermedad-Roya,1
/kaggle/input/datasets/julianmedinamonje45/coffevision-leaf-cls/Enfermedad-Roya/C9P5H1_jpg.rf.580251c0f66c359ef43b57ad85b8144b.jpg,Enfermedad-Roya,1
/kaggle/input/datasets/julianmedinamonje45/coffevision-leaf-cls/Sanas/C7P30E2_jpg.rf.b53f1cfdd75467a54ecd0387603ba461.jpg,Sanas,0
/kaggle/input/datasets/julianmedinamonje45/coffevision-leaf-cls/Enfermedad-Roya/C6P32E1_jpg.rf.96a6fb04fb12aadc61d6a94006243fbd.jpg,Enfermedad-Roya,1
/kaggle/input/datasets/julianmedinamonje45/coffevision-leaf-cls/Enfermedad-Roya/C9P18H1_jpg.rf.2759fa123a188246db7316033c94ce8f.jpg,Enfermedad-Roya,1
/kaggle/input/datasets/julianmedinamonje45/coffevision-leaf-cls/Sanas/C11P28E1_jpg.rf.518c8619a08a15f81a572c27b17be5c6.jpg,Sanas,0
/kaggle/input/datasets/julianmedinamonje45/coffevision-leaf-cls/Sanas/745_jpg.rf.8bf1b1bb1daacc8d30d1512d8c6fbbb3.jpg,Sanas,0
/kaggle/input/datasets/julianmedinamonje45/coffevision-leaf-cls/Enfermedad-Roya/C8P29H2_jpg.rf.955b2b44056b9e02e61b6389e3fa978c.jpg,Enfermedad-Roya,1
/kaggle/input/datasets/julianmedinamonje45/coffevision-leaf-cls/Sanas/C5P25E1_jpg.rf.1373ff1b66229f17271a7dd9a702fc97.jpg,Sanas,0
/kaggle/input/datasets/julianmedinamonje45/coffevision-leaf-cls/Enfermedad-Roya/C6P12E2_jpg.rf.e89239c0e274b5dfe25ee901a5a223c0.jpg,Enfermedad-Roya,1
/kaggle/input/datasets/julianmedinamonje45/coffevision-leaf-cls/Enfermedad-Roya/name230_jpg.rf.ee5a44e1e16a239e2f08931e43bf6673.jpg,Enfermedad-Roya,1
/kaggle/input/datasets/julianmedinamonje45/coffevision-leaf-cls/Sanas/C5P31E1_jpg.rf.31d317928c0a746e3d7243e6ef862c30.jpg,Sanas,0
/kaggle/input/datasets/julianmedinamonje45/coffevision-leaf-cls/Sanas/1216_jpg.rf.52cb0affda84b004a56dc04f6bab9ee0.jpg,Sanas,0
/kaggle/input/datasets/julianmedinamonje45/coffevision-leaf-cls/Enfermedad-Roya/C2P28H2_jpg.rf.a4487c91832779e15c5ade0730d54810.jpg,Enfermedad-Roya,1
/kaggle/input/datasets/julianmedinamonje45/coffevision-leaf-cls/Enfermedad-Roya/name171_jpg.rf.3c9741f6231d251787295a1b8ac209bf.jpg,Enfermedad-Roya,1
/kaggle/input/datasets/julianmedinamonje45/coffevision-leaf-cls/Sanas/C6P33H1_jpg.rf.8aac81b6dc8ebeff4c20d23aaa7474c2.jpg,Sanas,0
/kaggle/input/datasets/julianmedinamonje45/coffevision-leaf-cls/Sanas/1147_jpg.rf.074216b4a005cbcbf386de83932ebbdc.jpg,Sanas,0
/kaggle/input/datasets/julianmedinamonje45/coffevision-leaf-cls/Enfermedad-Roya/C3P28H2_jpg.rf.a5ffc8ff67b0e5f0d3d57ab88851e90b.jpg,Enfermedad-Roya,1
/kaggle/input/datasets/julianmedinamonje45/coffevision-leaf-cls/Sanas/C7P34E2_jpg.rf.5b268285301f9dd47920526ce9f31106.jpg,Sanas,0
/kaggle/input/datasets/julianmedinamonje45/coffevision-leaf-cls/Enfermedad-Roya/name198_jpg.rf.abb50fb686a55e59913a6f3cb9721b46.jpg,Enfermedad-Roya,1
/kaggle/input/datasets/julianmedinamonje45/coffevision-leaf-cls/Enfermedad-Roya/C10P17H2_jpg.rf.5fadf07e52ca3b4265b567b9955e4035.jpg,Enfermedad-Roya,1
/kaggle/input/datasets/julianmedinamonje45/coffevision-leaf-cls/Enfermedad-Roya/1524_jpg.rf.8b0c2e7874034e6d159a37641173440c.jpg,Enfermedad-Roya,1
/kaggle/input/datasets/julianmedinamonje45/coffevision-leaf-cls/Sanas/C5P27H1_jpg.rf.e3f41f5f9beb5c90659843bb1a48a0cc.jpg,Sanas,0
/kaggle/input/datasets/julianmedinamonje45/coffevision-leaf-cls/Enfermedad-Roya/173_jpg.rf.36ed6b74682b0853e9c278f0be0f612f.jpg,Enfermedad-Roya,1
/kaggle/input/datasets/julianmedinamonje45/coffevision-leaf-cls/Sanas/C3P24E1_jpg.rf.c3ef5060a329d7026c2b4bacb35584f7.jpg,Sanas,0
/kaggle/input/datasets/julianmedinamonje45/coffevision-leaf-cls/Enfermedad-Roya/C6P39E2_jpg.rf.f017cb6f7415735267ebfa2c9e929093.jpg,Enfermedad-Roya,1
/kaggle/input/datasets/julianmedinamonje45/coffevision-leaf-cls/Sanas/C8P38E2_jpg.rf.108e468eeb8ef439945b39faa9b746ae.jpg,Sanas,0
/kaggle/input/datasets/julianmedinamonje45/coffevision-leaf-cls/Sanas/1214_jpg.rf.8257c8eac137ce18d58c25f397445eb4.jpg,Sanas,0
/kaggle/input/datasets/julianmedinamonje45/coffevision-leaf-cls/Enfermedad-Roya/C8P10H2_jpg.rf.337e0fa1e5a5d6b675f7b0924ffbdb80.jpg,Enfermedad-Roya,1
/kaggle/input/datasets/julianmedinamonje45/coffevision-leaf-cls/Enfermedad-Roya/185_jpg.rf.b54b4c3fb26bfd76541409906490716b.jpg,Enfermedad-Roya,1
/kaggle/input/datasets/julianmedinamonje45/coffevision-leaf-cls/Enfermedad-Roya/C12P32E2_jpg.rf.378a4ce59d8ba17bffd97272ccb6fd8c.jpg,Enfermedad-Roya,1
/kaggle/input/datasets/julianmedinamonje45/coffevision-leaf-cls/Enfermedad-Roya/C5P7E1_jpg.rf.3a3d06e53d4de4e6fe869da7f9996611.jpg,Enfermedad-Roya,1
/kaggle/input/datasets/julianmedinamonje45/coffevision-leaf-cls/Sanas/752_jpg.rf.c3eab843461b4891c0619d433079edda.jpg,Sanas,0
/kaggle/input/datasets/julianmedinamonje45/coffevision-leaf-cls/Enfermedad-Roya/name277_jpg.rf.e87b1002033a2d2149870039161f3ead.jpg,Enfermedad-Roya,1
/kaggle/input/datasets/julianmedinamonje45/coffevision-leaf-cls/Enfermedad-Roya/name206_jpg.rf.c639d8c8aa508b3e98e80bcc0f9c7cf1.jpg,Enfermedad-Roya,1
/kaggle/input/datasets/julianmedinamonje45/coffevision-leaf-cls/Enfermedad-Roya/name86_jpg.rf.46e30cf64011ddc5c6ab799fe62b1b09.jpg,Enfermedad-Roya,1
/kaggle/input/datasets/julianmedinamonje45/coffevision-leaf-cls/Enfermedad-Roya/1455_jpg.rf.3b7864a6a29a1b0f25ff207cc38d5cf3.jpg,Enfermedad-Roya,1
/kaggle/input/datasets/julianmedinamonje45/coffevision-leaf-cls/Sanas/C7P2H2_jpg.rf.ddd71e99fb5fdaab9b622914b3733bcc.jpg,Sanas,0
/kaggle/input/datasets/julianmedinamonje45/coffevision-leaf-cls/Sanas/C2P3E1_jpg.rf.606019c76c59c45add6de860a136fa8b.jpg,Sanas,0
/kaggle/input/datasets/julianmedinamonje45/coffevision-leaf-cls/Sanas/C5P30E2_jpg.rf.7f28976c40e33263f183d0aba1d7726e.jpg,Sanas,0
/kaggle/input/datasets/julianmedinamonje45/coffevision-leaf-cls/Sanas/C11P9H1_jpg.rf.71a549f6500c8b35ba11d2164a8aeb86.jpg,Sanas,0
/kaggle/input/datasets/julianmedinamonje45/coffevision-leaf-cls/Enfermedad-Roya/961_jpg.rf.97c4c9ae6e05752bbf05ec4bb9a94452.jpg,Enfermedad-Roya,1
/kaggle/input/datasets/julianmedinamonje45/coffevision-leaf-cls/Sanas/C3P21E1_jpg.rf.f26d4ee8943f39680537b7ebf2dd0dc8.jpg,Sanas,0
/kaggle/input/datasets/julianmedinamonje45/coffevision-leaf-cls/Sanas/1019_jpg.rf.cab6827ba740f0097dfb95937e0ef5d2.jpg,Sanas,0
/kaggle/input/datasets/julianmedinamonje45/coffevision-leaf-cls/Sanas/766_jpg.rf.9b811b855b8daab29c20b5838f5cddb2.jpg,Sanas,0
/kaggle/input/datasets/julianmedinamonje45/coffevision-leaf-cls/Enfermedad-Roya/C5P25E2_jpg.rf.a43752772e15e973d98e5be0cdf77187.jpg,Enfermedad-Roya,1
/kaggle/input/datasets/julianmedinamonje45/coffevision-leaf-cls/Enfermedad-Roya/C3P30E2_jpg.rf.061296310b4a00be21391a6019fcec9b.jpg,Enfermedad-Roya,1
/kaggle/input/datasets/julianmedinamonje45/coffevision-leaf-cls/Sanas/1066_jpg.rf.3b5fcaaa844fe853ce3c5ea18a4bbda1.jpg,Sanas,0
/kaggle/input/datasets/julianmedinamonje45/coffevision-leaf-cls/Sanas/1126_jpg.rf.ebdb50e068953fc66bb6724849e49b25.jpg,Sanas,0
/kaggle/input/datasets/julianmedinamonje45/coffevision-leaf-cls/Enfermedad-Roya/name122_jpg.rf.2b29a13fc5a8516232b9ea541fcaa37a.jpg,Enfermedad-Roya,1
/kaggle/input/datasets/julianmedinamonje45/coffevision-leaf-cls/Enfermedad-Roya/C1P18H2_jpg.rf.162b5df6756eb787f0b80f99ce9729fa.jpg,Enfermedad-Roya,1
/kaggle/input/datasets/julianmedinamonje45/coffevision-leaf-cls/Sanas/C9P14E2_jpg.rf.f129feaa36256b6ad1b827bd81f0e28b.jpg,Sanas,0
/kaggle/input/datasets/julianmedinamonje45/coffevision-leaf-cls/Sanas/C10P17H1_jpg.rf.aa9b950164a24c107c29f09c2ac4fb7a.jpg,Sanas,0
/kaggle/input/datasets/julianmedinamonje45/coffevision-leaf-cls/Enfermedad-Roya/name288_jpg.rf.5d8563bd2ab23698e4d633f7d04f1999.jpg,Enfermedad-Roya,1
/kaggle/input/datasets/julianmedinamonje45/coffevision-leaf-cls/Enfermedad-Roya/C7P33H1_jpg.rf.b9deb5f692916fdbed4f17458b7279dc.jpg,Enfermedad-Roya,1
/kaggle/input/datasets/julianmedinamonje45/coffevision-leaf-cls/Enfermedad-Roya/name87_jpg.rf.a8dc6375b03626553d0eb7447007d7b9.jpg,Enfermedad-Roya,1
/kaggle/input/datasets/julianmedinamonje45/coffevision-leaf-cls/Enfermedad-Roya/C6P28E2_jpg.rf.2e79045ad2761b508cb627eb6e21cf4d.jpg,Enfermedad-Roya,1
/kaggle/input/datasets/julianmedinamonje45/coffevision-leaf-cls/Enfermedad-Roya/name92_jpg.rf.6e3ab807e1413595f699a2c3a05d8aae.jpg,Enfermedad-Roya,1
/kaggle/input/datasets/julianmedinamonje45/coffevision-leaf-cls/Sanas/C5P27H2_jpg.rf.6a5ba09791962e1a2cf05966048e93ef.jpg,Sanas,0
/kaggle/input/datasets/julianmedinamonje45/coffevision-leaf-cls/Enfermedad-Roya/C6P39H2_jpg.rf.6a3528f8674f8138c7d77b40a412feff.jpg,Enfermedad-Roya,1
/kaggle/input/datasets/julianmedinamonje45/coffevision-leaf-cls/Sanas/C5P13E1_jpg.rf.ec8fc046480b840bc9721b9bfae10543.jpg,Sanas,0
/kaggle/input/datasets/julianmedinamonje45/coffevision-leaf-cls/Sanas/C9P6E2_jpg.rf.d2b045f0778dc9fc6b5c78672620933e.jpg,Sanas,0
/kaggle/input/datasets/julianmedinamonje45/coffevision-leaf-cls/Sanas/11_jpg.rf.84fd5673e2cdcc47ce02ba5709c530d9.jpg,Sanas,0
/kaggle/input/datasets/julianmedinamonje45/coffevision-leaf-cls/Sanas/C5P22E1_jpg.rf.dfff1df727443b5b617ba253e699d93c.jpg,Sanas,0
/kaggle/input/datasets/julianmedinamonje45/coffevision-leaf-cls/Enfermedad-Roya/1459_jpg.rf.4615166c4d0dfaa4f83eb31f98ff4270.jpg,Enfermedad-Roya,1
/kaggle/input/datasets/julianmedinamonje45/coffevision-leaf-cls/Sanas/C6P13E1_jpg.rf.81ef8ce02bcd65b6f340dfac8d72af57.jpg,Sanas,0
/kaggle/input/datasets/julianmedinamonje45/coffevision-leaf-cls/Sanas/C5P11E2_jpg.rf.c083d871aba06fef27db9f136643d46f.jpg,Sanas,0
/kaggle/input/datasets/julianmedinamonje45/coffevision-leaf-cls/Sanas/C10P18E1_jpg.rf.b10c832030f376d1fec1b6c9f3fa557b.jpg,Sanas,0
/kaggle/input/datasets/julianmedinamonje45/coffevision-leaf-cls/Sanas/C1P32H1_jpg.rf.68e6f4e43e4b2bac480edcfc07da598a.jpg,Sanas,0
/kaggle/input/datasets/julianmedinamonje45/coffevision-leaf-cls/Sanas/1409_jpg.rf.a811f5748c97f2123d9d3064cf3a5c9b.jpg,Sanas,0
/kaggle/input/datasets/julianmedinamonje45/coffevision-leaf-cls/Enfermedad-Roya/name227_jpg.rf.e09d812f57b91f58b8c875b627735aac.jpg,Enfermedad-Roya,1
/kaggle/input/datasets/julianmedinamonje45/coffevision-leaf-cls/Enfermedad-Roya/1435_jpg.rf.d25a48387d93b8c76e63338474c9f477.jpg,Enfermedad-Roya,1
/kaggle/input/datasets/julianmedinamonje45/coffevision-leaf-cls/Sanas/C1P13H1_jpg.rf.6fe70e141637a551bd3ff86964199081.jpg,Sanas,0
/kaggle/input/datasets/julianmedinamonje45/coffevision-leaf-cls/Sanas/750_jpg.rf.835bc8e9316d112cf6d8f14645bc94ad.jpg,Sanas,0
/kaggle/input/datasets/julianmedinamonje45/coffevision-leaf-cls/Enfermedad-Roya/1476_jpg.rf.34c5bbf9446a5291bee233e1e81b1a5c.jpg,Enfermedad-Roya,1
/kaggle/input/datasets/julianmedinamonje45/coffevision-leaf-cls/Enfermedad-Roya/name27_jpg.rf.181c3eaae18add56390c1d2f549b26a5.jpg,Enfermedad-Roya,1
/kaggle/input/datasets/julianmedinamonje45/coffevision-leaf-cls/Sanas/C6P14H1_jpg.rf.e799e54d3a91c57a6499250625185e83.jpg,Sanas,0
/kaggle/input/datasets/julianmedinamonje45/coffevision-leaf-cls/Sanas/1079_jpg.rf.a29817251be40eb31fdedb07a7ca3adb.jpg,Sanas,0
/kaggle/input/datasets/julianmedinamonje45/coffevision-leaf-cls/Enfermedad-Roya/1513_jpg.rf.cf1ff7532d9d55e01d5b42bf4bdbb85e.jpg,Enfermedad-Roya,1
/kaggle/input/datasets/julianmedinamonje45/coffevision-leaf-cls/Sanas/C10P27E1_jpg.rf.4a85851847675f30c3bd501ef28a9c52.jpg,Sanas,0
